{"type":"FeatureCollection","crs":{"type":"name","properties":{"name":"urn:ogc:def:crs:OGC:1.3:CRS84"}},"features":[{"type":"Feature","properties":{"ID_0":105,"ISO":"IND","NAME_0":"India","ID_1":20,"NAME_1":"Madhya Pradesh","ID_2":269,"NAME_2":"Datia","NL_NAME_2":null,"VARNAME_2":null,"TYPE_2":"District","ENGTYPE_2":"District","district":"Datia","ST_NM":"Madhya Pradesh"},"geometry":{"type":"Polygon","coordinates":[[[78.78501129150408,26.236169815063533],[78.82891845703125,26.205261230468864],[78.79458618164062,26.172359466552848],[78.8367767333985,26.11491012573248],[78.7932205200197,26.09070968627941],[78.82121276855497,26.07457923889166],[78.79074859619158,26.061588287353516],[78.80722808837896,26.047861099243164],[78.78205108642584,26.04758262634283],[78.7664184570313,26.022361755371207],[78.78016662597668,26.01579093933117],[78.77536010742193,25.970159530639705],[78.80502319335938,25.943929672241154],[78.83056640624994,25.949949264526595],[78.85521697998064,25.912570953369254],[78.87638092041033,25.91566085815424],[78.88719177246122,25.89897155761713],[78.88268280029314,25.870269775390852],[78.84662628173845,25.860500335693473],[78.84622192382812,25.838760375976562],[78.86575317382818,25.8343505859375],[78.8619232177735,25.799198150634822],[78.81124877929699,25.83012008667015],[78.80046081542986,25.812879562378043],[78.82227325439459,25.81522750854498],[78.82050323486345,25.799400329589787],[78.79955291748053,25.799360275268498],[78.77578735351591,25.76149940490717],[78.74681854248075,25.749090194702205],[78.81133270263689,25.67448043823265],[78.80519104003935,25.624557495117188],[78.67701721191435,25.594100952148494],[78.64862060546875,25.565639495849723],[78.608627319336,25.589080810546875],[78.58119201660162,25.564308166503963],[78.48626708984403,25.582229614257812],[78.44915008544939,25.55274009704584],[78.43707275390653,25.564350128173828],[78.447563171387,25.57958030700695],[78.45661926269537,25.569129943847713],[78.46042633056646,25.589740753173828],[78.43724060058622,25.599821090698356],[78.39050292968778,25.575740814209098],[78.40306854248053,25.603410720825195],[78.3816528320313,25.61280822753912],[78.36850738525396,25.66612052917486],[78.32829284667974,25.669309616088867],[78.30078887939459,25.709808349609375],[78.27601623535162,25.70685005187994],[78.25315093994146,25.7243595123291],[78.24051666259771,25.72006988525385],[78.24238586425798,25.696720123291016],[78.20915222167963,25.704589843750114],[78.2217407226562,25.730831146240178],[78.27379608154325,25.755500793457145],[78.27368164062517,25.786399841308707],[78.3145370483399,25.79945945739769],[78.31775665283209,25.83278083801281],[78.38273620605469,25.840850830078125],[78.38392639160173,25.85951042175293],[78.46308898925781,25.91370010375988],[78.4775466918947,25.966909408569393],[78.53359222412104,25.98022079467779],[78.60041046142595,26.052919387817496],[78.63880920410162,26.06756019592291],[78.6336517333985,26.0892009735108],[78.60019683837908,26.10465049743658],[78.60440826416033,26.135192871093807],[78.64379882812528,26.13037109375],[78.62534332275385,26.16942977905279],[78.6864624023438,26.170700073242244],[78.68985748291033,26.22039031982422],[78.73404693603544,26.231929779052734],[78.74675750732428,26.269300460815543],[78.78417968750028,26.294279098510856],[78.81366729736334,26.290439605713004],[78.818901062012,26.269689559936637],[78.78501129150408,26.236169815063533]]]}},{"type":"Feature","properties":{"ID_0":105,"ISO":"IND","NAME_0":"India","ID_1":20,"NAME_1":"Madhya Pradesh","ID_2":270,"NAME_2":"Dewas","NL_NAME_2":null,"VARNAME_2":null,"TYPE_2":"District","ENGTYPE_2":"District","district":"Dewas","ST_NM":"Madhya Pradesh"},"geometry":{"type":"Polygon","coordinates":[[[75.96399688720732,23.307289123535156],[75.99211120605486,23.27261924743658],[75.96898651123047,23.25255966186529],[75.99830627441435,23.250560760498047],[76.00237274169922,23.211072921753043],[76.02848815917963,23.183990478515682],[76.05513763427746,23.104520797729492],[76.05126190185553,23.08181953430187],[76.0754470825197,23.052640914916992],[76.10466003417974,23.06013107299816],[76.10646057128935,23.083850860595703],[76.04631042480474,23.146459579467773],[76.04934692382818,23.182937622070312],[76.06993865966797,23.16571998596197],[76.13829803466808,23.196020126342717],[76.122329711914,23.21352005004877],[76.07859802246105,23.195909500122184],[76.04795837402344,23.206529617309627],[76.07398986816412,23.213310241699276],[76.07092285156256,23.240859985351676],[76.24521636962908,23.216560363769588],[76.3570175170899,23.234090805053768],[76.40680694580084,23.220928192138786],[76.42341613769537,23.194660186767578],[76.50637817382818,23.182622909546012],[76.53576660156256,23.132431030273438],[76.49330902099604,23.11001968383789],[76.51626586914068,23.09153747558588],[76.51364135742193,23.076480865478743],[76.4468612670899,23.09064865112316],[76.4600219726563,23.07493972778326],[76.44682312011736,23.027652740478743],[76.4676971435548,23.00335121154785],[76.44391632080078,22.989179611206282],[76.47109222412115,22.973680496215934],[76.44940948486357,22.93226051330572],[76.46218109130888,22.905130386352596],[76.496078491211,22.895830154419002],[76.5181732177735,22.865291595458984],[76.52034759521513,22.80792808532715],[76.55748748779303,22.790330886841048],[76.5492782592774,22.776521682739258],[76.56616973876947,22.77838134765625],[76.56407928466797,22.76429939270014],[76.63967895507818,22.809049606323242],[76.65277099609375,22.788511276245174],[76.70030212402361,22.796712875366268],[76.6906127929688,22.82491111755371],[76.7664871215822,22.820671081543082],[76.75959014892578,22.828371047973576],[76.7866592407226,22.837289810180778],[76.8052597045899,22.8664608001709],[76.8470306396485,22.870780944824446],[76.84632873535185,22.884218215942496],[76.85929107666044,22.87277984619135],[76.86100006103544,22.8899898529055],[76.87628936767607,22.876478195190487],[76.87500000000017,22.89591026306175],[76.88609313964844,22.884250640869197],[76.8939971923831,22.893749237060604],[76.88949584960955,22.875270843505916],[76.90598297119146,22.88218116760254],[76.89982604980469,22.866430282592717],[76.91478729248075,22.873291015625114],[76.9028930664063,22.836561203002987],[76.91861724853544,22.83162117004389],[76.92592620849626,22.87979125976574],[76.95738220214844,22.8666801452639],[76.9808959960938,22.883230209350586],[76.99569702148432,22.875709533691463],[77.00728607177746,22.79981994628929],[77.02410888671903,22.77876091003418],[77.01644897460966,22.740909576416016],[77.03263092041021,22.735849380493278],[77.03862762451172,22.709180831909407],[77.02659606933588,22.693679809570256],[77.08508300781256,22.656940460205192],[77.0816268920899,22.6290607452392],[77.1190719604495,22.602859497070426],[77.120346069336,22.562749862671012],[77.06741333007807,22.515270233154297],[76.89834594726568,22.489910125732422],[76.78704833984375,22.431909561157227],[76.78076171875,22.35338973999029],[76.7415618896485,22.30035972595215],[76.72164154052751,22.316410064697493],[76.67855072021501,22.309030532836914],[76.65499114990246,22.3378009796142],[76.65271759033232,22.368471145629996],[76.62274932861334,22.379571914672795],[76.60349273681652,22.411279678344727],[76.50850677490246,22.41829109191889],[76.44441986083996,22.388660430908203],[76.4465713500976,22.35029029846197],[76.32083892822294,22.301610946655387],[76.2518615722658,22.295721054077262],[76.20510101318354,22.357112884521428],[76.22152709960938,22.360111236572322],[76.23684692382818,22.39573287963873],[76.21407318115229,22.421361923218],[76.10418701171903,22.473840713500977],[76.08576965332031,22.550580978393498],[76.10540771484392,22.56298255920433],[76.06310272216803,22.587560653686637],[76.08838653564453,22.58683013916027],[76.08220672607428,22.6059894561767],[76.11347961425787,22.584131240844783],[76.1181411743164,22.607130050659407],[76.14315795898455,22.593271255493164],[76.14269256591825,22.612350463867244],[76.1660995483399,22.606170654296875],[76.1507568359375,22.63506126403803],[76.18760681152361,22.6430282592774],[76.17079162597656,22.621170043945426],[76.1873321533206,22.59974288940424],[76.19847869873064,22.62829971313488],[76.22899627685564,22.62037086486822],[76.24389648437506,22.646839141845646],[76.22640991210949,22.65567016601574],[76.2246170043947,22.6783905029298],[76.18802642822271,22.665670394897518],[76.20184326171903,22.679479598999137],[76.18161773681669,22.697128295898438],[76.10208129882841,22.70457077026373],[76.03211212158197,22.8467311859132],[75.98346710205072,22.875419616699332],[75.96511840820341,22.94803810119629],[75.89972686767607,22.99941062927246],[75.90238189697294,23.029079437255803],[75.96250915527344,23.029060363769588],[75.99040985107428,23.081899642944393],[75.93054962158209,23.14817810058605],[75.94695281982428,23.163330078125],[75.95294189453153,23.214200973510742],[75.9493713378908,23.229681015014705],[75.92970275878906,23.230831146240348],[75.93147277832037,23.298561096191406],[75.9472198486331,23.323440551757926],[75.96045684814453,23.325202941894474],[75.96399688720732,23.307289123535156]]]}},{"type":"Feature","properties":{"ID_0":105,"ISO":"IND","NAME_0":"India","ID_1":20,"NAME_1":"Madhya Pradesh","ID_2":271,"NAME_2":"Dhar","NL_NAME_2":null,"VARNAME_2":null,"TYPE_2":"District","ENGTYPE_2":"District","district":"Dhar","ST_NM":"Madhya Pradesh"},"geometry":{"type":"Polygon","coordinates":[[[75.30606079101568,23.113391876220646],[75.3192901611331,23.11214256286621],[75.32805633544933,23.073921203613338],[75.34961700439482,23.072299957275447],[75.33843994140642,23.04635810852062],[75.30445098876947,23.045549392700252],[75.30307769775419,22.99825096130371],[75.327621459961,22.985031127929915],[75.32598876953153,22.960138320922965],[75.30519866943388,22.95635986328125],[75.33400726318388,22.87750053405756],[75.332015991211,22.84188270568859],[75.35645294189459,22.83739280700695],[75.37449645996111,22.87136077880865],[75.4410476684572,22.871629714965934],[75.42321777343756,22.830720901489258],[75.43723297119158,22.776439666748104],[75.4810333251956,22.772638320922965],[75.47914886474638,22.73698043823265],[75.50887298583996,22.7341117858889],[75.51531219482428,22.710081100463867],[75.52008819580084,22.6673908233642],[75.49579620361345,22.647590637207088],[75.52186584472685,22.660661697387752],[75.53636932373075,22.635150909423885],[75.58201599121111,22.66209983825695],[75.60411834716797,22.636289596557674],[75.69409179687528,22.630258560180664],[75.7028198242188,22.649209976196346],[75.68490600585943,22.64015960693365],[75.68335723876959,22.66031074523937],[75.70578765869158,22.664670944213867],[75.71276855468761,22.638719558715877],[75.67825317382841,22.583820343017805],[75.63179779052751,22.56277084350586],[75.59646606445307,22.57034111022955],[75.59821319580095,22.526290893554744],[75.5580673217774,22.516769409179915],[75.57182312011747,22.456140518188533],[75.5453491210937,22.413328170776424],[75.5591125488283,22.377809524536246],[75.53643798828142,22.36045074462885],[75.52555847167986,22.375770568847656],[75.50553894042986,22.372051239013672],[75.50895690917986,22.343059539794922],[75.49198150634783,22.330600738525334],[75.50843811035162,22.32439041137701],[75.53372192382807,22.26765060424816],[75.53584289550798,22.228771209716797],[75.5105590820313,22.164140701294002],[75.2457580566408,22.126510620117244],[75.19058227539057,22.1056804656983],[74.90661621093767,22.08460044860834],[74.83212280273443,22.062280654907283],[74.78056335449236,22.0792694091798],[74.67855834960943,22.035909652710018],[74.59018707275408,22.022680282592773],[74.55724334716803,22.02762031555187],[74.53823089599638,22.05080032348627],[74.50608062744158,22.04644966125494],[74.49598693847673,22.065420150756893],[74.51725769042997,22.101930618286133],[74.48118591308605,22.09633064270014],[74.47457885742188,22.11248970031744],[74.54207611084013,22.11948966979992],[74.49933624267607,22.169370651245174],[74.5159683227539,22.221361160278377],[74.54428863525396,22.23890113830572],[74.56178283691423,22.220621109008846],[74.56487274169928,22.244510650634822],[74.59204101562528,22.243780136108626],[74.604057312012,22.270458221435604],[74.64951324462908,22.274620056152287],[74.66622161865263,22.306209564208984],[74.63552856445341,22.312580108642635],[74.62464904785185,22.344900131225643],[74.63474273681669,22.364559173583928],[74.6934432983399,22.367280960083235],[74.69345092773443,22.415769577026367],[74.72574615478544,22.439592361450252],[74.74870300292986,22.436740875244197],[74.70981597900396,22.479669570922965],[74.72852325439459,22.505641937255916],[74.71997070312506,22.53306961059576],[74.7328262329101,22.554819107055778],[74.78424835205084,22.581420898437557],[74.79794311523443,22.659828186035384],[74.76647186279303,22.749849319458008],[74.79456329345714,22.762451171875057],[74.89675140380865,22.75041007995617],[74.98713684082031,22.86840057373047],[75.0087509155274,22.94343185424799],[75.00981903076189,23.11384010314947],[75.11022186279303,23.116609573364258],[75.23240661621111,23.090431213378906],[75.24653625488281,23.139680862426758],[75.3019332885745,23.13219070434576],[75.30606079101568,23.113391876220646]]]}},{"type":"Feature","properties":{"ID_0":105,"ISO":"IND","NAME_0":"India","ID_1":20,"NAME_1":"Madhya Pradesh","ID_2":272,"NAME_2":"Dindori","NL_NAME_2":null,"VARNAME_2":null,"TYPE_2":"District","ENGTYPE_2":"District","district":"Dindori","ST_NM":"Madhya Pradesh"},"geometry":{"type":"Polygon","coordinates":[[[81.11756134033209,23.217821121215934],[81.15373229980469,23.166690826416072],[81.18506622314453,23.167360305786133],[81.1746215820313,23.154661178588867],[81.18756866455084,23.131282806396598],[81.20755004882812,23.139499664306754],[81.20643615722662,23.118701934814567],[81.23551177978527,23.110258102416992],[81.25627899169933,23.070970535278434],[81.24785614013678,23.054229736328125],[81.22421264648443,23.05908012390131],[81.20313262939453,23.01724052429205],[81.181396484375,22.951971054077205],[81.19174194335938,22.914381027221737],[81.35343933105469,22.84991073608404],[81.3989715576173,22.851390838623104],[81.46881866455072,22.759679794311523],[81.50212860107428,22.76450157165533],[81.52253723144537,22.750850677490234],[81.58970642089855,22.758060455322266],[81.63861083984375,22.784179687500057],[81.68489837646496,22.779100418090877],[81.69653320312511,22.7460994720459],[81.68699645996105,22.713439941406307],[81.73182678222668,22.68910026550293],[81.70701599121105,22.64964103698736],[81.65654754638672,22.63200187683117],[81.64138793945324,22.607540130615348],[81.64868927001953,22.56895065307623],[81.62357330322271,22.564277648925838],[81.61579132080084,22.539020538330135],[81.56305694580078,22.551008224487305],[81.55693054199213,22.532161712646598],[81.51906585693365,22.53998184204113],[81.47985839843761,22.493310928344727],[81.4380569458009,22.493940353393555],[81.44802856445307,22.46739006042492],[81.4244384765625,22.47923851013178],[81.418930053711,22.454219818115234],[81.39655303955078,22.441320419311523],[81.37873840332043,22.505300521850643],[81.32293701171875,22.524330139160156],[81.31591033935547,22.489709854126033],[81.26045227050787,22.49356079101574],[81.25551605224621,22.472482681274414],[81.22355651855469,22.45160865783697],[81.1941909790039,22.462080001830998],[81.18686676025402,22.48921012878418],[81.17066192626964,22.488000869751033],[81.14807891845709,22.455850601196403],[81.10491943359375,22.432790756225643],[81.11384582519543,22.294380187988338],[81.08467864990229,22.2467498779298],[81.04043579101562,22.240570068359432],[80.99286651611334,22.28866958618164],[80.90909576416021,22.278760910034293],[80.90251922607416,22.317739486694336],[80.92479705810558,22.327400207519588],[80.8998260498048,22.342000961303768],[80.87404632568371,22.33484840393072],[80.90666961669933,22.39140129089361],[80.86340332031261,22.436729431152457],[80.96848297119152,22.521202087402457],[80.97286987304699,22.542039871215934],[80.95588684082043,22.560060501098633],[80.93979644775396,22.55577087402338],[80.92878723144543,22.585489273071346],[80.95849609375006,22.591171264648494],[80.95118713378906,22.60247993469244],[80.9866714477539,22.61545944213873],[80.99925231933594,22.637430191040153],[80.95043182373047,22.6393203735351],[80.9361572265625,22.67527961730957],[80.91750335693365,22.68221092224121],[80.91042327880865,22.71239089965826],[80.93389129638678,22.745519638061523],[80.86342620849604,22.75933074951172],[80.86390686035162,22.806350708007926],[80.84733581542974,22.81024169921875],[80.86473846435558,22.8499698638916],[80.82762145996094,22.85103034973156],[80.78441619873058,22.819530487060547],[80.7246704101563,22.814140319824276],[80.72648620605469,22.85938072204584],[80.64782714843756,22.838979721069336],[80.56649780273438,22.870321273803768],[80.5790786743164,22.96211242675787],[80.51820373535156,23.080614089965877],[80.52095031738287,23.10760116577154],[80.57412719726562,23.13956069946289],[80.54515075683594,23.169509887695426],[80.51579284667974,23.158781051635856],[80.47289276123053,23.200210571289176],[80.49562072753912,23.205240249633903],[80.51647186279291,23.25920104980463],[80.57576751708996,23.28667068481451],[80.5668716430664,23.35398101806652],[80.69438934326183,23.373081207275447],[80.75269317626959,23.34382057189947],[80.70995330810553,23.28249931335455],[80.75547790527344,23.22154808044445],[80.78189086914068,23.22451972961437],[80.78614807128918,23.251791000366268],[80.80101776123058,23.25471115112299],[80.85529327392584,23.22365951538086],[80.93450927734386,23.290742874145508],[81.02629852294933,23.20863914489746],[81.06051635742188,23.195989608764762],[81.11756134033209,23.217821121215934]]]}},{"type":"Feature","properties":{"ID_0":105,"ISO":"IND","NAME_0":"India","ID_1":20,"NAME_1":"Madhya Pradesh","ID_2":273,"NAME_2":"East Nimar","NL_NAME_2":null,"VARNAME_2":"Khandwa","TYPE_2":"District","ENGTYPE_2":"District","district":"East Nimar","ST_NM":"Madhya Pradesh"},"geometry":{"type":"Polygon","coordinates":[[[76.55390930175793,22.406129837036133],[76.60349273681652,22.411279678344727],[76.62274932861334,22.379571914672795],[76.65271759033232,22.368471145629996],[76.65499114990246,22.3378009796142],[76.68371582031267,22.305221557617244],[76.71618652343756,22.316869735717887],[76.7415618896485,22.30035972595215],[76.77973937988293,22.35053062438965],[76.81565093994135,22.342679977416935],[76.82131195068371,22.321229934692383],[76.85060882568376,22.335819244384766],[76.89203643798834,22.302461624145565],[76.84187316894537,22.26095008850092],[76.85360717773432,22.255861282348633],[76.83602905273466,22.20038032531744],[76.8448486328125,22.179761886596793],[76.82563018798828,22.164470672607365],[76.83625793457031,22.13466072082531],[76.8648223876956,22.139789581299055],[76.87110137939464,22.122640609741268],[76.85204315185575,22.110710144043026],[76.84041595459013,22.06197166442871],[76.87812805175787,21.99442291259777],[76.90016174316406,21.99164962768566],[76.90306854248047,22.01476097106945],[76.93229675292974,21.99394035339361],[76.94783782958984,22.010890960693473],[76.97603607177763,22.00955009460455],[76.99759674072294,21.9842205047608],[77.02523803710966,21.994728088379134],[77.15128326416027,21.98681259155296],[77.21869659423845,21.917119979858512],[77.1988830566408,21.878520965576286],[77.20905303955084,21.87006950378418],[77.17529296875006,21.873270034790096],[77.15995788574236,21.859170913696516],[77.16752624511747,21.81046104431158],[77.1946411132812,21.791139602661246],[77.12148284912115,21.777179718017635],[77.097709655762,21.788709640502987],[77.10449218750006,21.779319763183594],[77.07051849365251,21.761770248413143],[77.07155609130871,21.73248100280773],[77.05619049072283,21.735870361328125],[77.05948638916021,21.709400177001953],[76.99727630615251,21.68161010742199],[76.90112304687517,21.600809097289982],[76.85214996337896,21.615030288696516],[76.833549499512,21.5930690765382],[76.7953491210938,21.5975399017334],[76.78024291992193,21.5624675750733],[76.76249694824219,21.556480407714957],[76.74278259277338,21.578559875488338],[76.70774078369158,21.56175041198742],[76.61586761474615,21.57592964172386],[76.51077270507818,21.563560485839787],[76.43814086914091,21.596990585327205],[76.42201995849626,21.58686065673828],[76.41786193847662,21.60007286071783],[76.37523651123041,21.598350524902344],[76.35401916503918,21.568309783935547],[76.29387664794928,21.57806968688965],[76.28958892822294,21.596099853515852],[76.2128295898438,21.57110023498535],[76.17737579345709,21.543230056762695],[76.12784576416044,21.59608078002924],[76.07878875732433,21.57455825805664],[76.07364654541044,21.663759231567326],[76.10824584960955,21.691249847412223],[76.16195678710966,21.675428390503043],[76.174369812012,21.688739776611442],[76.15444183349615,21.734428405761832],[76.11781311035156,21.72301101684576],[76.1024703979495,21.740591049194336],[76.12621307373053,21.755582809448185],[76.09601593017578,21.771690368652344],[76.11096191406256,21.795442581176815],[76.10304260253935,21.850070953369197],[76.17022705078142,21.888099670410213],[76.1512985229495,21.948289871215934],[76.15949249267607,21.96958923339855],[76.14575958251982,21.98172950744629],[76.16847991943354,22.004432678222713],[76.16095733642584,22.03574943542492],[76.19973754882841,22.041519165039176],[76.23374938964861,22.077730178833065],[76.22746276855486,22.102750778198242],[76.18322753906267,22.124702453613224],[76.14245605468756,22.10025024414074],[76.16478729248053,22.08015060424816],[76.155990600586,22.063180923461914],[76.10585021972662,22.056770324707145],[76.10369110107439,22.093111038208008],[76.14539337158232,22.112649917602766],[76.12619781494158,22.167490005493107],[76.15561676025396,22.17981910705572],[76.1634368896485,22.207220077514762],[76.1076965332033,22.214519500732422],[76.09829711914057,22.1924800872805],[76.07744598388683,22.189289093017578],[76.03188323974638,22.199470520019474],[76.0232009887697,22.217002868652457],[76.11604309082031,22.257118225097656],[76.16636657714872,22.262601852416992],[76.21219635009783,22.332620620727653],[76.2518615722658,22.295721054077262],[76.32083892822294,22.301610946655387],[76.4465713500976,22.35029029846197],[76.44441986083996,22.388660430908203],[76.47885894775408,22.408372879028263],[76.50850677490246,22.41829109191889],[76.55390930175793,22.406129837036133]]]}},{"type":"Feature","properties":{"ID_0":105,"ISO":"IND","NAME_0":"India","ID_1":20,"NAME_1":"Madhya Pradesh","ID_2":274,"NAME_2":"Guna","NL_NAME_2":null,"VARNAME_2":"Goona","TYPE_2":"District","ENGTYPE_2":"District","district":"Guna","ST_NM":"Madhya Pradesh"},"geometry":{"type":"Polygon","coordinates":[[[77.27556610107439,25.11213111877447],[77.31069946289068,25.07127189636242],[77.36728668212908,24.929008483886776],[77.41564178466808,24.950170516967887],[77.45604705810553,24.93168067932129],[77.47476196289068,24.87914276123047],[77.55726623535173,24.875972747802678],[77.51509857177751,24.836050033569393],[77.54911804199224,24.741291046142692],[77.47677612304705,24.636940002441406],[77.4705200195313,24.592641830444336],[77.492660522461,24.47372055053711],[77.47075653076178,24.469169616699332],[77.47129058837896,24.437400817871094],[77.58612823486334,24.37873077392601],[77.62908172607433,24.432340621948356],[77.64930725097685,24.425050735473633],[77.65036010742205,24.407560348510685],[77.67642211914091,24.405221939086914],[77.73036956787138,24.433570861816406],[77.7162628173831,24.392681121826172],[77.68866729736345,24.39628028869629],[77.61669921875028,24.355121612548828],[77.6148910522461,24.336429595947266],[77.64372253417974,24.31967926025385],[77.59330749511736,24.302150726318587],[77.58896636962896,24.273601531982536],[77.5485229492188,24.253190994262695],[77.49907684326189,24.25823020935053],[77.48696136474615,24.28086280822754],[77.44650268554693,24.24450111389183],[77.42917633056646,24.24641990661621],[77.39438629150408,24.28370285034191],[77.40412139892595,24.331960678100643],[77.34982299804693,24.347909927368278],[77.31807708740251,24.289550781249943],[77.3468399047851,24.221071243286246],[77.32737731933622,24.219280242919922],[77.3397064208985,24.18740081787115],[77.29825592041033,24.17093086242687],[77.30876159667969,24.155380249023665],[77.28412628173845,24.12911033630371],[77.29361724853544,24.092870712280273],[77.2554931640625,24.060501098632812],[77.29073333740263,24.047599792480526],[77.27506256103521,24.028890609741268],[77.30718231201172,24.016229629516715],[77.28991699218756,24.003999710083065],[77.30858612060553,23.988540649414176],[77.29102325439453,23.979589462280273],[77.3021774291995,23.952390670776595],[77.29223632812511,23.935010910034237],[77.31825256347656,23.91558074951172],[77.31533050537138,23.88964080810547],[77.18202209472685,23.902370452881087],[77.17810821533203,23.939590454101562],[77.1597290039062,23.95298957824707],[77.1841430664062,24.00919914245611],[77.17814636230474,24.086879730224723],[77.0248260498048,24.086891174316463],[76.99771881103521,24.06151008605957],[76.96454620361334,24.05582046508789],[76.94483947753906,24.083831787109432],[76.88675689697294,24.10865020751976],[76.87758636474621,24.134929656982536],[76.89994049072294,24.13111114501953],[76.91613769531278,24.188720703125],[76.93316650390642,24.186870574951172],[76.94444274902361,24.206291198730526],[76.87419891357416,24.27108955383295],[76.84017944335943,24.338720321655217],[76.836967468262,24.360708236694336],[76.85231781005876,24.374868392944563],[76.83587646484375,24.41657066345215],[76.85109710693388,24.43539047241211],[76.83788299560553,24.450588226318473],[76.85132598876953,24.469108581543026],[76.81459045410162,24.53437042236351],[76.86620330810547,24.54936027526861],[76.87954711914057,24.52531051635765],[76.91287231445324,24.54356956481928],[76.9146499633789,24.487659454345703],[76.96531677246105,24.460861206054688],[77.0015258789063,24.4778995513916],[77.03195190429688,24.528799057006893],[77.05030822753923,24.526531219482365],[77.06433868408232,24.564121246337834],[77.060287475586,24.63770294189453],[77.033462524414,24.702949523925838],[76.97197723388678,24.73167037963873],[76.96330261230486,24.75955009460455],[76.84729766845732,24.750400543212947],[76.80066680908209,24.824560165405273],[76.83164978027372,24.8402423858642],[76.89504241943376,24.839509963989258],[76.9489212036134,24.872869491577376],[76.91385650634794,24.887880325317496],[76.92353057861334,24.914260864257812],[76.89122772216814,24.91967964172369],[76.86727905273449,24.96544075012207],[76.86805725097685,25.001369476318416],[76.85434722900419,25.010311126708984],[76.87448883056646,25.013111114501896],[76.88202667236322,25.034099578857422],[76.95349884033214,25.048458099365234],[76.99372863769537,25.079950332641715],[77.0772323608399,25.0579891204834],[77.14016723632818,25.096200942993278],[77.15770721435553,25.08827972412115],[77.16957855224615,25.113719940185774],[77.27556610107439,25.11213111877447]]]}},{"type":"Feature","properties":{"ID_0":105,"ISO":"IND","NAME_0":"India","ID_1":20,"NAME_1":"Madhya Pradesh","ID_2":275,"NAME_2":"Gwalior","NL_NAME_2":null,"VARNAME_2":"Gird, Gird Gwalior","TYPE_2":"District","ENGTYPE_2":"District","district":"Gwalior","ST_NM":"Madhya Pradesh"},"geometry":{"type":"Polygon","coordinates":[[[78.33583831787126,26.3497829437257],[78.4107208251956,26.337120056152344],[78.40788269042997,26.302312850952262],[78.43625640869146,26.26532936096214],[78.46280670166044,26.25412750244135],[78.4744873046875,26.27128982543968],[78.49128723144548,26.267230987548828],[78.53872680664091,26.197401046753043],[78.57576751708984,26.220239639282227],[78.60254669189459,26.20020294189453],[78.6078720092774,26.224260330200195],[78.61781311035162,26.166822433471907],[78.64379882812528,26.13037109375],[78.60440826416033,26.135192871093807],[78.60019683837908,26.10465049743658],[78.6336517333985,26.0892009735108],[78.63880920410162,26.06756019592291],[78.60041046142595,26.052919387817496],[78.53359222412104,25.98022079467779],[78.4775466918947,25.966909408569393],[78.46308898925781,25.91370010375988],[78.38392639160173,25.85951042175293],[78.38273620605469,25.840850830078125],[78.324516296387,25.8375625610351],[78.3145370483399,25.79945945739769],[78.25688171386736,25.78486061096197],[78.20690155029314,25.7439804077149],[78.17022705078153,25.743579864502067],[78.15158843994158,25.724170684814396],[78.04653167724615,25.716091156005916],[77.98879241943365,25.74579048156744],[77.99320983886747,25.77070999145502],[77.87180328369158,25.743721008300724],[77.85595703125017,25.81443023681652],[77.79598236084013,25.825700759887752],[77.77577972412138,25.861101150512695],[77.74182891845732,25.8662109375],[77.738578796387,25.887670516967717],[77.69619750976568,25.885900497436637],[77.6700973510745,25.921510696411246],[77.66528320312506,25.984909057617415],[77.72264099121111,26.055168151855582],[77.75364685058622,26.045860290527344],[77.76886749267584,26.05960273742687],[77.75405883789057,26.09155082702648],[77.76490020751982,26.12166976928711],[77.73475646972685,26.133991241455135],[77.73692321777361,26.168970108032227],[77.80767059326172,26.260900497436637],[77.8365325927735,26.257368087768555],[77.82958221435575,26.235790252685604],[77.85605621337902,26.220041275024414],[77.90416717529291,26.258779525756893],[77.94306182861357,26.24970054626465],[77.95186614990234,26.265319824218864],[77.9861297607423,26.25005912780756],[77.98191070556646,26.273530960083235],[78.00322723388672,26.2779598236084],[77.9971771240235,26.329570770263672],[78.05725860595709,26.319240570068473],[78.06723785400419,26.335399627685604],[78.13762664794916,26.346900939941463],[78.22136688232416,26.310462951660213],[78.25147247314482,26.31912994384777],[78.2496566772461,26.337951660156477],[78.27709197998064,26.352079391479606],[78.33583831787126,26.3497829437257]]]}},{"type":"Feature","properties":{"ID_0":105,"ISO":"IND","NAME_0":"India","ID_1":20,"NAME_1":"Madhya Pradesh","ID_2":276,"NAME_2":"Harda","NL_NAME_2":null,"VARNAME_2":null,"TYPE_2":"District","ENGTYPE_2":"District","district":"Harda","ST_NM":"Madhya Pradesh"},"geometry":{"type":"Polygon","coordinates":[[[77.20365142822266,22.57192993164074],[77.26220703125,22.545291900634822],[77.24099731445312,22.529140472412223],[77.27400970458984,22.504390716552734],[77.28350067138683,22.455751419067383],[77.27208709716797,22.44660949707037],[77.30045318603527,22.440240859985295],[77.30703735351562,22.3571395874024],[77.35029602050781,22.31739044189453],[77.35913085937506,22.221149444580078],[77.41266632080078,22.177692413330078],[77.46292114257818,22.16999816894537],[77.45108795166021,22.088130950927848],[77.49920654296886,22.079231262207088],[77.49472045898438,22.03615951538086],[77.39359283447266,22.027660369873104],[77.3915023803711,21.999309539794865],[77.27263641357433,21.966760635376033],[77.24349975585938,21.915159225463924],[77.2159271240235,21.907859802246094],[77.20356750488293,21.9367294311524],[77.13379669189447,21.99555015563965],[76.99759674072277,21.9842205047608],[76.97603607177746,22.00955009460455],[76.94783782958984,22.010890960693473],[76.93229675292974,21.99394035339361],[76.90306854248047,22.01476097106945],[76.90231323242193,21.99366950988781],[76.88360595703125,21.987699508667106],[76.84041595458996,22.06197166442871],[76.86625671386719,22.13825035095215],[76.83625793457031,22.13466072082531],[76.82563018798828,22.164470672607365],[76.8448486328125,22.179761886596793],[76.83602905273449,22.20038032531744],[76.85360717773432,22.255861282348633],[76.84187316894537,22.26095008850092],[76.89203643798834,22.302461624145565],[76.8506088256836,22.335819244384766],[76.82131195068371,22.321229934692383],[76.81565093994135,22.342679977416935],[76.77973937988293,22.35053062438965],[76.78704833984375,22.431909561157227],[76.89834594726568,22.489910125732422],[77.06741333007807,22.515270233154297],[77.14911651611328,22.58629989624029],[77.20365142822266,22.57192993164074]]]}},{"type":"Feature","properties":{"ID_0":105,"ISO":"IND","NAME_0":"India","ID_1":20,"NAME_1":"Madhya Pradesh","ID_2":277,"NAME_2":"Hoshangabad","NL_NAME_2":null,"VARNAME_2":null,"TYPE_2":"District","ENGTYPE_2":"District","district":"Hoshangabad","ST_NM":"Madhya Pradesh"},"geometry":{"type":"Polygon","coordinates":[[[78.44091033935547,22.981029510498047],[78.46737670898466,22.985799789428825],[78.46324157714861,22.96162986755371],[78.56619262695341,22.958740234375114],[78.58262634277344,22.913419723510742],[78.575736999512,22.885080337524414],[78.58863830566412,22.882278442382926],[78.56944274902372,22.869939804077205],[78.59465026855469,22.8504695892334],[78.58464813232428,22.818809509277344],[78.61573791503912,22.82072830200201],[78.61052703857422,22.80048942565918],[78.63217163085966,22.80052947998047],[78.62737274169928,22.762870788574332],[78.64424896240251,22.78384017944336],[78.69158172607439,22.766710281372127],[78.6711730957033,22.728759765624943],[78.68802642822271,22.710531234741268],[78.62216186523438,22.680740356445312],[78.6093063354495,22.654790878295955],[78.52169799804693,22.668029785156477],[78.49537658691412,22.64015960693365],[78.49569702148455,22.595500946045036],[78.54313659667963,22.534799575805778],[78.50929260253912,22.482589721679688],[78.545883178711,22.45977973937994],[78.55612945556658,22.425830841064453],[78.45610809326183,22.382539749145735],[78.42016601562517,22.38593292236351],[78.37802886962896,22.421209335327262],[78.3161163330081,22.427061080932674],[78.25948333740263,22.399929046630916],[78.18087768554699,22.39968109130865],[77.98381805419928,22.320150375366325],[77.93583679199213,22.336919784546012],[77.87135314941435,22.28259086608881],[77.852836608887,22.283229827880916],[77.85253143310564,22.35864067077648],[77.78111267089872,22.330030441284293],[77.74324035644548,22.347978591918945],[77.73869323730474,22.32118034362793],[77.68010711669939,22.325998306274414],[77.64640808105474,22.309129714965877],[77.58300018310564,22.34555816650402],[77.54598236083984,22.34118080139166],[77.5433120727539,22.359340667724666],[77.49964141845703,22.315580368041935],[77.49687957763678,22.283018112182617],[77.4500961303711,22.252309799194336],[77.43974304199219,22.221841812133732],[77.38198089599626,22.229299545288143],[77.37597656250011,22.25110054016119],[77.35247039794928,22.25204086303711],[77.34815979003935,22.322771072387695],[77.3070373535158,22.3571395874024],[77.30045318603544,22.440240859985295],[77.27208709716797,22.44660949707037],[77.283500671387,22.455751419067383],[77.27400970459001,22.504390716552734],[77.24099731445312,22.529140472412223],[77.26220703125017,22.545291900634993],[77.20343780517595,22.56855964660656],[77.2436828613283,22.603239059448242],[77.26403808593778,22.61104965209961],[77.28650665283209,22.569580078125057],[77.3207168579101,22.566350936889762],[77.35932922363287,22.613550186157283],[77.5677261352539,22.672702789306868],[77.61503601074219,22.745340347290096],[77.66075897216825,22.734001159668026],[77.69419860839861,22.766710281372127],[77.72998046875011,22.75815010070812],[77.77123260498041,22.790420532226562],[77.78946685791021,22.834770202636832],[77.84046173095697,22.865390777588004],[77.86386108398443,22.858720779418945],[77.86575317382818,22.822998046874943],[77.9208068847658,22.84881019592285],[77.9037628173831,22.805850982666072],[77.91626739501959,22.762870788574332],[77.93533325195318,22.772960662841797],[77.93389892578153,22.80336952209484],[77.96113586425787,22.819610595703125],[78.02854919433594,22.805189132690543],[78.0641632080081,22.815761566162166],[78.11100769042974,22.79482078552269],[78.12413787841814,22.83975982666027],[78.19341278076178,22.894620895385856],[78.23393249511747,22.87028121948248],[78.2754516601563,22.871700286865348],[78.31658172607439,22.919031143188477],[78.34780883789091,22.922758102416992],[78.3911972045899,22.965641021728572],[78.44091033935547,22.981029510498047]]]}},{"type":"Feature","properties":{"ID_0":105,"ISO":"IND","NAME_0":"India","ID_1":20,"NAME_1":"Madhya Pradesh","ID_2":278,"NAME_2":"Indore","NL_NAME_2":null,"VARNAME_2":null,"TYPE_2":"District","ENGTYPE_2":"District","district":"Indore","ST_NM":"Madhya Pradesh"},"geometry":{"type":"Polygon","coordinates":[[[75.6079330444336,23.093389511108512],[75.62811279296903,23.087150573730412],[75.61872863769543,23.056560516357422],[75.64173889160156,23.009290695190373],[75.64923858642584,23.028631210327205],[75.72988891601568,23.019880294800032],[75.73670959472673,23.03862953186035],[75.87255096435553,23.041700363159293],[75.91255950927751,22.981758117675838],[75.96511840820341,22.94803810119629],[75.98346710205072,22.875419616699332],[76.03211212158197,22.8467311859132],[76.10208129882841,22.70457077026373],[76.18161773681669,22.697128295898438],[76.20184326171903,22.679479598999137],[76.19119262695312,22.664449691772404],[76.2246170043947,22.6783905029298],[76.22640991210949,22.65567016601574],[76.24389648437506,22.646839141845646],[76.23264312744146,22.623460769653377],[76.19847869873064,22.62829971313488],[76.1873321533206,22.59974288940424],[76.17079162597656,22.621170043945426],[76.18760681152361,22.6430282592774],[76.1507568359375,22.63506126403803],[76.1660995483399,22.606170654296875],[76.14269256591825,22.612350463867244],[76.14315795898455,22.593271255493164],[76.10856628417997,22.603309631347656],[76.11347961425787,22.584131240844783],[76.08220672607428,22.6059894561767],[76.08838653564453,22.58683013916027],[76.06310272216803,22.587560653686637],[76.10502624511736,22.561939239502067],[76.0781326293947,22.528789520263615],[76.03002166748047,22.531940460205305],[76.02731323242216,22.499111175537166],[76.054008483887,22.480949401855582],[76.05753326416033,22.459199905395565],[76.03431701660162,22.440160751342773],[76.01294708251959,22.446559906005973],[76.00916290283214,22.422990798950252],[75.96850585937506,22.4407196044923],[75.91239929199224,22.42115020751953],[75.90841674804693,22.3895015716555],[75.85534667968767,22.383670806884766],[75.82704162597685,22.40829086303711],[75.78013610839872,22.373001098632926],[75.72062683105497,22.37211990356451],[75.65232849121122,22.33562278747553],[75.63992309570341,22.356878280639705],[75.60151672363287,22.34428024291998],[75.60887908935547,22.36527061462408],[75.56491088867193,22.374670028686637],[75.54573822021479,22.396511077881087],[75.57182312011747,22.456140518188533],[75.55658721923857,22.513160705566463],[75.59821319580095,22.526290893554744],[75.59646606445307,22.57034111022955],[75.63179779052751,22.56277084350586],[75.67825317382841,22.583820343017805],[75.71393585205107,22.6223201751709],[75.70578765869158,22.664670944213867],[75.68335723876959,22.66031074523937],[75.68490600585943,22.64015960693365],[75.7028198242188,22.649209976196346],[75.69409179687528,22.630258560180664],[75.60411834716797,22.636289596557674],[75.58201599121111,22.66209983825695],[75.53636932373075,22.635150909423885],[75.52186584472685,22.660661697387752],[75.49579620361345,22.647590637207088],[75.52008819580084,22.6673908233642],[75.50887298583996,22.7341117858889],[75.47914886474638,22.73698043823265],[75.4810333251956,22.772638320922965],[75.43723297119158,22.776439666748104],[75.42321777343756,22.830720901489258],[75.44361877441412,22.864900588989315],[75.44016265869146,22.91069984436041],[75.47875976562528,22.933492660522518],[75.45549011230497,22.94479751586914],[75.48889923095697,22.98711967468273],[75.47572326660185,23.006580352783146],[75.48970031738298,23.018190383911133],[75.50734710693371,23.008449554443473],[75.52123260498053,23.044071197509822],[75.56977844238281,23.071300506591797],[75.56682586669928,23.089399337768498],[75.6079330444336,23.093389511108512]]]}},{"type":"Feature","properties":{"ID_0":105,"ISO":"IND","NAME_0":"India","ID_1":20,"NAME_1":"Madhya Pradesh","ID_2":279,"NAME_2":"Jabalpur","NL_NAME_2":null,"VARNAME_2":"Jubbulpore","TYPE_2":"District","ENGTYPE_2":"District","district":"Jabalpur","ST_NM":"Madhya Pradesh"},"geometry":{"type":"Polygon","coordinates":[[[79.8089218139649,23.46305084228527],[79.80461120605497,23.442689895629996],[79.83756256103521,23.448120117187557],[79.83439636230497,23.4240398406983],[79.85746765136747,23.418249130249023],[79.86654663085943,23.366289138793945],[79.88262939453153,23.363689422607422],[79.93000793457048,23.404077529907227],[79.96996307373058,23.34923934936546],[80.06395721435553,23.349311828613338],[80.10114288330084,23.31973075866705],[80.11872100830084,23.342309951782283],[80.16233062744158,23.302919387817326],[80.19283294677751,23.337139129638672],[80.22313690185547,23.340850830078125],[80.26151275634783,23.32168960571289],[80.28585052490263,23.362922668457145],[80.3198471069336,23.304920196533203],[80.36148834228521,23.308990478515568],[80.3578720092774,23.32925987243675],[80.38916778564459,23.350030899047795],[80.44268035888672,23.345119476318303],[80.47866821289091,23.392070770263672],[80.51255035400396,23.37944984436035],[80.53716278076178,23.392061233520508],[80.550521850586,23.379688262939453],[80.53331756591814,23.359010696411076],[80.56687164306658,23.35398101806652],[80.5770111083985,23.28990173339838],[80.51647186279291,23.25920104980463],[80.49562072753912,23.205240249633903],[80.47289276123053,23.200210571289176],[80.51579284667974,23.158781051635856],[80.5478973388673,23.168489456176758],[80.57340240478521,23.133071899414176],[80.52095031738287,23.10760116577154],[80.517822265625,23.080480575561523],[80.5038299560548,23.08181953430187],[80.50418090820318,23.109050750732422],[80.45362854003912,23.129129409790153],[80.4518203735351,23.145900726318416],[80.42006683349615,23.142950057983512],[80.40143585205107,23.17458915710455],[80.30282592773466,23.09873962402355],[80.26747131347662,23.13125038146984],[80.27040863037138,23.14866065979004],[80.18110656738293,23.13072013854986],[80.17339324951189,23.117820739746207],[80.19795989990234,23.07862091064453],[80.17484283447294,23.061548233032283],[80.18044281005876,23.024919509887752],[80.15409851074219,23.051799774169922],[80.10671997070324,23.053449630737532],[80.09636688232428,23.07986068725586],[79.98887634277372,23.028110504150504],[80.00020599365251,23.00821113586437],[79.98603820800776,22.995521545410384],[80.0051879882813,22.975492477417106],[79.94589996337896,22.947099685669002],[79.96582031249994,22.921960830688533],[79.95732879638678,22.854690551757812],[79.90170288085966,22.847629547119197],[79.89348602294933,22.864959716796818],[79.83705902099638,22.832099914550895],[79.8050613403322,22.870258331298828],[79.760986328125,22.84564018249506],[79.75389862060575,22.859170913696346],[79.76998138427751,22.880790710449162],[79.7383117675783,22.902210235595817],[79.74244689941435,22.919729232788143],[79.65567779541044,22.924570083618164],[79.6166000366211,22.956758499145508],[79.6327667236331,22.98002815246582],[79.58528900146513,23.024209976196403],[79.60666656494135,23.106861114502067],[79.51288604736345,23.144239425659407],[79.45022583007841,23.097291946411246],[79.34512329101574,23.108060836792106],[79.34744262695341,23.140480041504134],[79.4850692749024,23.25999069213873],[79.53320312500028,23.26392173767084],[79.66628265380865,23.337940216064453],[79.7331085205081,23.436489105224553],[79.8089218139649,23.46305084228527]]]}},{"type":"Feature","properties":{"ID_0":105,"ISO":"IND","NAME_0":"India","ID_1":20,"NAME_1":"Madhya Pradesh","ID_2":280,"NAME_2":"Jhabua","NL_NAME_2":null,"VARNAME_2":null,"TYPE_2":"District","ENGTYPE_2":"District","district":"Jhabua","ST_NM":"Madhya Pradesh"},"geometry":{"type":"Polygon","coordinates":[[[74.79264068603521,23.23583030700695],[74.76844787597685,23.17913818359375],[74.80396270751947,23.166179656982536],[74.78156280517584,23.14997100830078],[74.81104278564453,23.135860443115348],[74.88626861572271,23.13754844665533],[74.92672729492193,23.162059783935547],[74.99092102050798,23.142131805420036],[74.99236297607433,23.112159729003906],[75.00981903076189,23.11384010314947],[75.0087509155274,22.94343185424799],[74.98713684082031,22.86840057373047],[74.89675140380865,22.75041007995617],[74.79456329345714,22.762451171875057],[74.76647186279303,22.749849319458008],[74.79794311523443,22.659828186035384],[74.78424835205084,22.581420898437557],[74.7328262329101,22.554819107055778],[74.71997070312506,22.53306961059576],[74.72852325439459,22.505641937255916],[74.70981597900396,22.479669570922965],[74.74870300292986,22.436740875244197],[74.72574615478544,22.439592361450252],[74.69345092773443,22.415769577026367],[74.6934432983399,22.367280960083235],[74.63474273681669,22.364559173583928],[74.62464904785185,22.344900131225643],[74.63552856445341,22.312580108642635],[74.66622161865263,22.306209564208984],[74.64951324462908,22.274620056152287],[74.604057312012,22.270458221435604],[74.59204101562528,22.243780136108626],[74.56487274169928,22.244510650634822],[74.56178283691423,22.220621109008846],[74.54428863525396,22.23890113830572],[74.5159683227539,22.221361160278377],[74.49933624267607,22.169370651245174],[74.54207611084013,22.11948966979992],[74.47457885742188,22.11248970031744],[74.48118591308605,22.09633064270014],[74.51725769042997,22.101930618286133],[74.49598693847673,22.065420150756893],[74.50608062744158,22.04644966125494],[74.38831329345732,22.0201797485351],[74.35463714599626,21.979198455810604],[74.30204010009771,21.967439651489258],[74.29064941406261,21.936059951782283],[74.18882751464872,21.928222656250114],[74.14601898193365,21.954059600830192],[74.15384674072271,21.986419677734318],[74.10034179687494,22.001592636108512],[74.09770202636736,22.01545906066889],[74.18070983886719,22.08660125732422],[74.15466308593778,22.1055011749267],[74.13027191162138,22.097709655761776],[74.12277984619146,22.212900161743164],[74.07578277587908,22.22187805175787],[74.09158325195312,22.243700027465877],[74.05905151367193,22.305410385131893],[74.07198333740251,22.360240936279297],[74.09989929199224,22.372978210449276],[74.134292602539,22.33233070373535],[74.19106292724615,22.321929931640568],[74.20680236816423,22.367620468139762],[74.22704315185564,22.358539581298885],[74.22543334960966,22.378200531006087],[74.24563598632824,22.377531051635856],[74.25798797607428,22.400030136108512],[74.29418182373064,22.394468307495345],[74.25402069091808,22.43305969238287],[74.20461273193365,22.437171936035156],[74.19082641601568,22.477880477905387],[74.18667602539068,22.44415092468256],[74.1610717773438,22.43215942382824],[74.14424896240251,22.456710815429744],[74.1230010986331,22.420810699463004],[74.10507202148466,22.433410644531307],[74.10334777832043,22.46783065795904],[74.07808685302751,22.465642929077262],[74.08526611328153,22.508518218994254],[74.05879974365251,22.510549545288086],[74.0370864868164,22.491510391235465],[74.04231262207043,22.537189483642578],[74.07805633544939,22.55162811279297],[74.15332031250011,22.517419815063533],[74.1951980590822,22.55686950683605],[74.19007873535162,22.567401885986385],[74.21383666992182,22.56744003295904],[74.26535797119158,22.64483070373541],[74.3841857910158,22.643569946289062],[74.40307617187517,22.73070907592779],[74.43923187255871,22.785551071166935],[74.43918609619146,22.809440612792912],[74.46494293212896,22.815080642700195],[74.47891998291044,22.858640670776367],[74.45147705078153,22.923999786376953],[74.40038299560547,22.899379730224553],[74.36202239990263,22.933090209960938],[74.34163665771484,22.96469116210949],[74.37079620361357,22.98005294799799],[74.32277679443376,23.062690734863395],[74.3911895751956,23.11199951171875],[74.4672470092774,23.085258483886662],[74.51228332519543,23.088830947876204],[74.54265594482416,23.106901168823356],[74.54570007324247,23.13207054138195],[74.60806274414091,23.144821166992188],[74.66915893554705,23.201490402221737],[74.71552276611345,23.194669723510856],[74.74569702148443,23.21211051940918],[74.7479019165039,23.237920761108455],[74.79264068603521,23.23583030700695]]]}},{"type":"Feature","properties":{"ID_0":105,"ISO":"IND","NAME_0":"India","ID_1":20,"NAME_1":"Madhya Pradesh","ID_2":281,"NAME_2":"Katni","NL_NAME_2":null,"VARNAME_2":null,"TYPE_2":"District","ENGTYPE_2":"District","district":"Katni","ST_NM":"Madhya Pradesh"},"geometry":{"type":"Polygon","coordinates":[[[80.7293472290039,24.109600067138615],[80.69271850585932,24.09317970275879],[80.70688629150408,24.07268905639671],[80.71913909912115,24.08259010314947],[80.79505157470709,24.06745147705101],[80.79767608642595,24.04327964782715],[80.75078582763678,24.032150268554744],[80.75363922119146,23.99275016784668],[80.78008270263672,23.972919464111385],[80.79202270507818,23.974229812622298],[80.80181121826166,24.019210815429744],[80.83278656005865,24.028930664062557],[80.8630599975586,24.08341026306158],[80.95056915283232,24.069192886352596],[80.89788055419928,24.041341781616325],[80.86929321289091,23.971572875976676],[80.82802581787115,23.955961227416992],[80.83510589599615,23.910139083862248],[80.86831665039068,23.90626907348627],[80.8548583984375,23.88087081909191],[80.88701629638683,23.863290786743278],[80.90576171874994,23.78905105590826],[80.88445281982439,23.768341064453125],[80.89669799804693,23.684509277343864],[80.81416320800793,23.671752929687443],[80.72309875488298,23.73163032531744],[80.7029418945313,23.763429641723633],[80.66256713867216,23.671720504760685],[80.63613891601568,23.65120124816889],[80.64247131347662,23.636390686035384],[80.61390686035185,23.614780426025504],[80.61524200439482,23.594970703125057],[80.55500793457026,23.56810188293457],[80.54383087158209,23.545761108398494],[80.53859710693354,23.495241165161133],[80.5580368041995,23.46999931335455],[80.55346679687528,23.44293975830078],[80.5237197875976,23.418371200561637],[80.53716278076178,23.392061233520508],[80.51255035400396,23.37944984436035],[80.47866821289091,23.392070770263672],[80.44268035888672,23.345119476318303],[80.38916778564459,23.350030899047795],[80.3578720092774,23.32925987243675],[80.36148834228521,23.308990478515568],[80.3198471069336,23.304920196533203],[80.28585052490263,23.362922668457145],[80.26151275634783,23.32168960571289],[80.22313690185547,23.340850830078125],[80.19283294677751,23.337139129638672],[80.16233062744158,23.302919387817326],[80.11872100830084,23.342309951782283],[80.10114288330084,23.31973075866705],[80.06395721435553,23.349311828613338],[79.96996307373058,23.34923934936546],[79.93000793457048,23.404077529907227],[79.88262939453153,23.363689422607422],[79.86654663085943,23.366289138793945],[79.85746765136747,23.418249130249023],[79.83439636230497,23.4240398406983],[79.83756256103521,23.448120117187557],[79.8173217773438,23.43515968322754],[79.80364990234386,23.44400024414074],[79.80779266357428,23.46747016906744],[79.7933959960937,23.46656990051264],[79.80480957031278,23.5018310546875],[79.82161712646513,23.515220642089844],[79.84379577636736,23.508188247680664],[79.8990631103515,23.584840774536076],[79.94708251953136,23.623130798339787],[79.9380722045899,23.640251159668082],[79.94931793212896,23.659320831298828],[79.92967987060553,23.680931091308594],[79.82115936279303,23.700340270996207],[79.8232192993164,23.769950866699332],[79.85109710693365,23.794389724731502],[79.85917663574247,23.832120895385685],[79.9347305297851,23.83230972290039],[79.96402740478521,23.86565971374523],[80.00894927978516,23.980569839477653],[80.04981994628912,23.99661064147955],[80.07681274414091,23.979959487915096],[80.09440612792986,23.98690986633295],[80.11209106445341,23.956712722778434],[80.1429061889649,23.94383049011236],[80.16793823242193,24.003751754760856],[80.19911193847656,23.99867057800293],[80.22853088378906,23.97849082946783],[80.2029876708985,23.9790096282959],[80.22075653076178,23.953609466552734],[80.32240295410162,23.91494941711437],[80.31520843505888,23.9339218139649],[80.35543823242199,23.973529815673885],[80.3805770874024,23.96800041198736],[80.51223754882841,24.019960403442383],[80.52562713623041,24.033098220825195],[80.50917816162121,24.05217933654785],[80.52780151367193,24.07167053222662],[80.54741668701189,24.057838439941406],[80.54145050048857,24.036109924316406],[80.62342834472668,24.0812797546389],[80.64382934570324,24.052021026611328],[80.6379013061524,24.09482955932623],[80.6745223999024,24.08047103881836],[80.67035675048857,24.11236190795921],[80.73059082031256,24.138179779052848],[80.7293472290039,24.109600067138615]]]}},{"type":"Feature","properties":{"ID_0":105,"ISO":"IND","NAME_0":"India","ID_1":20,"NAME_1":"Madhya Pradesh","ID_2":282,"NAME_2":"Mandla","NL_NAME_2":null,"VARNAME_2":null,"TYPE_2":"District","ENGTYPE_2":"District","district":"Mandla","ST_NM":"Madhya Pradesh"},"geometry":{"type":"MultiPolygon","coordinates":[[[[80.88518524169939,22.349702835083008],[80.87404632568371,22.33484840393072],[80.8753509521485,22.346300125122298],[80.88518524169939,22.349702835083008]]],[[[80.42006683349615,23.142950057983512],[80.4518203735351,23.145900726318416],[80.45362854003912,23.129129409790153],[80.50418090820318,23.109050750732422],[80.5038299560548,23.08181953430187],[80.552299499512,23.032165527343807],[80.57907867431658,22.96211242675787],[80.56826782226568,22.86866760253912],[80.66443634033232,22.837881088256836],[80.72648620605469,22.85938072204584],[80.7246704101563,22.814140319824276],[80.78441619873075,22.819530487060547],[80.82762145996111,22.85103034973173],[80.86473846435575,22.8499698638916],[80.84733581542974,22.81024169921875],[80.86390686035162,22.806350708008097],[80.86342620849604,22.75933074951172],[80.93389129638678,22.745519638061694],[80.91042327880865,22.71239089965826],[80.91750335693365,22.68221092224121],[80.9361572265625,22.67527961730957],[80.95043182373064,22.6393203735351],[80.99925231933611,22.637430191040153],[80.98667144775408,22.6154594421389],[80.95118713378923,22.60247993469244],[80.95849609375006,22.591171264648494],[80.92878723144543,22.585489273071516],[80.93979644775396,22.55577087402338],[80.9558868408206,22.560060501098633],[80.97286987304716,22.542039871216105],[80.96848297119169,22.521202087402628],[80.86340332031278,22.436729431152457],[80.9066696166995,22.39140129089361],[80.89636993408232,22.364616394043082],[80.88539123535173,22.34997177124046],[80.84117126464844,22.3874702453615],[80.78952026367193,22.396482467651538],[80.78050231933611,22.31345939636242],[80.69712829589861,22.26979064941412],[80.72175598144548,22.22153091430681],[80.69921875000017,22.204530715942383],[80.52912139892595,22.24143981933588],[80.4999618530274,22.275592803955305],[80.457992553711,22.28006935119629],[80.44043731689453,22.248430252075423],[80.41145324707037,22.246480941772518],[80.4124603271485,22.2814998626709],[80.39041900634783,22.306480407714787],[80.33470153808588,22.29957008361839],[80.3380126953125,22.329599380493107],[80.31871795654314,22.345859527587834],[80.22941589355463,22.301851272583065],[80.162582397461,22.328519821167106],[80.14964294433622,22.350210189819563],[80.08335113525408,22.34361076354992],[80.06418609619152,22.37786102294922],[80.08599853515625,22.428049087524585],[80.01947021484392,22.505151748657227],[80.02538299560564,22.544189453125],[79.94738006591814,22.558610916137752],[80.00193786621094,22.579982757568587],[80.02953338623041,22.608709335327262],[80.1063079833985,22.628820419311523],[80.145980834961,22.603620529174975],[80.19219970703153,22.608011245727596],[80.20947265625006,22.63035964965843],[80.18889617919928,22.65345954895031],[80.22978210449247,22.677629470825252],[80.23348236084001,22.718240737915266],[80.28414916992216,22.727319717407227],[80.26203918457026,22.796129226684684],[80.20890045166021,22.80312156677246],[80.17833709716814,22.768030166626033],[80.09635162353516,22.77288055419922],[80.06532287597662,22.759370803833008],[80.01435089111334,22.79594039916998],[79.99807739257812,22.827869415283203],[79.9750061035158,22.833271026611385],[79.95732879638678,22.854690551757812],[79.96582031249994,22.921960830688533],[79.94589996337896,22.947099685669002],[80.0051879882813,22.975492477417106],[79.98603820800776,22.995521545410384],[80.00020599365251,23.00821113586437],[79.98887634277372,23.028110504150504],[80.09636688232428,23.07986068725586],[80.10671997070324,23.053449630737532],[80.15409851074219,23.051799774169922],[80.18044281005876,23.024919509887752],[80.17484283447294,23.061548233032283],[80.19795989990234,23.07862091064453],[80.1749877929688,23.125221252441634],[80.2393875122072,23.14989089965826],[80.27040863037138,23.14866065979004],[80.26747131347662,23.13125038146984],[80.30282592773466,23.09873962402355],[80.38154602050787,23.147090911865348],[80.39334869384771,23.174350738525447],[80.42006683349615,23.142950057983512]]]]}},{"type":"Feature","properties":{"ID_0":105,"ISO":"IND","NAME_0":"India","ID_1":20,"NAME_1":"Madhya Pradesh","ID_2":283,"NAME_2":"Mandsaur","NL_NAME_2":null,"VARNAME_2":"Mandasor","TYPE_2":"District","ENGTYPE_2":"District","district":"Mandsaur","ST_NM":"Madhya Pradesh"},"geometry":{"type":"Polygon","coordinates":[[[75.78618621826178,24.765529632568303],[75.8387527465822,24.72986984252924],[75.82714080810553,24.671501159668196],[75.84880828857416,24.65306091308605],[75.82814788818365,24.613349914550838],[75.83544158935575,24.597562789916992],[75.85254669189459,24.61432075500494],[75.87407684326178,24.60711097717291],[75.8843612670899,24.58173942565918],[75.9151229858399,24.574590682983455],[75.90703582763689,24.5504608154298],[75.92501831054693,24.538299560546875],[75.90934753417974,24.514881134033317],[75.892562866211,24.521530151367188],[75.91245269775396,24.48558044433605],[75.89862060546892,24.441591262817496],[75.82900238037126,24.422519683837947],[75.80964660644537,24.44123077392578],[75.81510925292986,24.465112686157227],[75.79113006591803,24.47520256042486],[75.78357696533197,24.451829910278548],[75.74872589111345,24.428409576416243],[75.75527954101568,24.409309387207145],[75.72688293457043,24.40527915954584],[75.73792266845709,24.347970962524357],[75.76509094238281,24.31065940856945],[75.81120300292997,24.303449630737305],[75.81269073486334,24.2568817138673],[75.82688140869135,24.246410369873047],[75.77350616455095,24.22089195251465],[75.74349212646513,24.13960075378418],[75.7762985229495,24.138961791992244],[75.7896118164063,24.10980033874523],[75.80239868164068,24.118330001831282],[75.81218719482416,24.102870941162223],[75.83579254150402,24.111351013183707],[75.8337631225586,24.075429916381893],[75.77961730957048,24.062080383300838],[75.76203918457031,23.997951507568416],[75.70040893554716,23.96906089782709],[75.6691970825197,24.03354263305664],[75.63474273681646,23.99983024597168],[75.58383941650419,23.991920471191634],[75.56693267822283,24.0227108001709],[75.51438140869146,24.048732757568473],[75.46476745605474,23.980728149414176],[75.45555114746111,23.917062759399528],[75.37151336669928,23.873239517211914],[75.34329986572271,23.809001922607365],[75.32318115234392,23.80813026428234],[75.33364105224604,23.83993911743164],[75.29876708984392,23.85558128356928],[75.25567626953142,23.824611663818473],[75.23361968994146,23.865221023559513],[75.19190979003935,23.82983970642084],[75.13321685791033,23.831291198730526],[75.11875152587896,23.851060867309684],[75.09168243408209,23.81776809692377],[75.05029296875006,23.82666015625],[75.05441284179688,23.800081253051985],[75.03666687011713,23.785379409790096],[75.00831604003912,23.81616973876953],[74.93992614746122,23.765850067138786],[74.9276199340822,23.79833030700695],[74.91033935546886,23.80084037780756],[74.90567779541033,23.87391090393072],[74.92131042480486,23.935712814331055],[74.96869659423834,23.97973060607916],[74.99298858642572,24.029701232910213],[74.95951843261724,24.110090255737305],[74.93618011474626,24.123769760131836],[74.88017272949224,24.21648025512701],[74.96190643310547,24.302459716796932],[74.95903778076166,24.355131149291992],[74.98221588134771,24.375019073486385],[74.99246978759783,24.360771179199276],[75.02249908447277,24.395130157470646],[75.05400085449247,24.374090194702205],[75.04058074951178,24.345390319824332],[75.11325073242193,24.38321113586437],[75.13146209716791,24.370929718017578],[75.1215591430664,24.358329772949276],[75.21292114257812,24.33184242248541],[75.3096771240235,24.338800430297795],[75.3311767578125,24.35931968688959],[75.36149597167969,24.34059906005865],[75.42250823974638,24.35181045532238],[75.42858886718778,24.379320144653377],[75.48454284667986,24.424520492553825],[75.52751922607428,24.48788070678711],[75.57910156250028,24.51589965820324],[75.58999633789062,24.541339874267635],[75.58750152587885,24.621099472046126],[75.57228088378923,24.634979248046818],[75.578842163086,24.653102874756087],[75.60951995849615,24.654020309448242],[75.54854583740246,24.715560913086165],[75.58190155029303,24.722700119018555],[75.6094360351562,24.6899929046632],[75.63400268554716,24.691150665283146],[75.73075866699219,24.75555038452154],[75.78618621826178,24.765529632568303]]]}},{"type":"Feature","properties":{"ID_0":105,"ISO":"IND","NAME_0":"India","ID_1":20,"NAME_1":"Madhya Pradesh","ID_2":284,"NAME_2":"Morena","NL_NAME_2":null,"VARNAME_2":"Tonwarghar","TYPE_2":"District","ENGTYPE_2":"District","district":"Morena","ST_NM":"Madhya Pradesh"},"geometry":{"type":"Polygon","coordinates":[[[78.36464691162126,26.86884117126465],[78.38973999023466,26.824899673462085],[78.42587280273455,26.83231925964361],[78.45078277587919,26.798051834106673],[78.53504943847662,26.77166175842285],[78.52929687500006,26.739410400390625],[78.50614166259766,26.72673988342291],[78.52107238769531,26.68148040771507],[78.50318908691412,26.692129135131893],[78.48739624023466,26.676019668579215],[78.45435333251959,26.67720985412609],[78.46137237548828,26.654390335083008],[78.42855072021501,26.64344978332514],[78.41089630126964,26.595092773437557],[78.37301635742188,26.609319686889876],[78.37845611572271,26.592010498047102],[78.36299133300787,26.594280242920036],[78.33040618896496,26.550600051879883],[78.30377197265625,26.556631088256836],[78.29276275634766,26.59678077697754],[78.26346588134777,26.571470260620117],[78.26029968261736,26.540929794311467],[78.23615264892584,26.5505695343017],[78.22322845459013,26.537420272827376],[78.23451232910185,26.53205108642578],[78.20742797851591,26.53447914123541],[78.23657226562511,26.470991134643555],[78.25823211669939,26.46614074707037],[78.24832153320312,26.448720932007063],[78.27849578857428,26.447721481323242],[78.28705596923834,26.42025947570812],[78.2542572021485,26.36481094360363],[78.25147247314482,26.31912994384777],[78.20033264160168,26.31052017211914],[78.13762664794916,26.346900939941463],[78.06723785400419,26.335399627685604],[78.05725860595709,26.319240570068473],[77.9971771240235,26.329570770263672],[78.00322723388672,26.2779598236084],[77.98191070556646,26.273530960083235],[77.9861297607423,26.25005912780756],[77.95186614990234,26.265319824218864],[77.94306182861357,26.24970054626465],[77.90416717529291,26.258779525756893],[77.85605621337902,26.220041275024414],[77.82958221435575,26.235790252685604],[77.8365325927735,26.257368087768555],[77.80767059326172,26.260900497436637],[77.73692321777361,26.168970108032227],[77.73475646972685,26.133991241455135],[77.76490020751982,26.12166976928711],[77.75405883789057,26.09155082702648],[77.76886749267584,26.05960273742687],[77.75364685058622,26.045860290527344],[77.72264099121111,26.055168151855582],[77.66528320312506,25.984909057617415],[77.6700973510745,25.921510696411246],[77.54206085205084,25.908470153808707],[77.53116607666021,25.945890426635742],[77.5586776733399,25.937290191650447],[77.59308624267572,25.96528053283697],[77.64060211181658,25.969631195068303],[77.64163208007818,26.014160156250114],[77.61538696289091,26.017681121826286],[77.6076431274414,26.03549957275402],[77.62848663330084,26.071409225463867],[77.66129302978521,26.075069427490348],[77.65582275390653,26.10484123229986],[77.59765624999994,26.07636070251465],[77.60571289062517,26.046501159668026],[77.5731811523438,26.018140792846623],[77.39389038085943,26.15794944763178],[77.26857757568365,26.129890441894588],[77.22717285156256,26.08538055419922],[77.2001266479495,26.111030578613395],[77.17301177978521,26.178279876709098],[77.13948822021513,26.16827964782715],[77.13022613525408,26.17966079711914],[77.14055633544928,26.195068359375057],[77.10938262939447,26.225072860717717],[77.12403106689482,26.23795127868658],[77.203109741211,26.237400054931754],[77.28994750976574,26.295591354370174],[77.33467102050798,26.357231140136776],[77.36624908447277,26.37151908874523],[77.43676757812506,26.36814117431652],[77.42771911621088,26.40690994262718],[77.5228805541995,26.414911270141715],[77.66768646240251,26.50831031799322],[77.71398162841825,26.504249572753963],[77.74434661865234,26.545249938964844],[77.81299591064447,26.554809570312557],[77.82041168212919,26.599838256836165],[77.87938690185547,26.62029075622553],[77.8945770263673,26.66221046447754],[77.94789123535173,26.665040969848633],[77.99221801757818,26.70264053344721],[78.08573913574247,26.68305015563965],[78.08914947509794,26.73810958862299],[78.11605834960966,26.7546195983889],[78.0956802368164,26.771799087524528],[78.10552215576178,26.800752639770565],[78.17611694335966,26.791492462158317],[78.16757202148432,26.831951141357365],[78.22299194335943,26.837209701538086],[78.26088714599626,26.82094955444336],[78.28206634521501,26.86408805847168],[78.36464691162126,26.86884117126465]]]}},{"type":"Feature","properties":{"ID_0":105,"ISO":"IND","NAME_0":"India","ID_1":20,"NAME_1":"Madhya Pradesh","ID_2":285,"NAME_2":"Narsinghpur","NL_NAME_2":null,"VARNAME_2":"Narsimhapur","TYPE_2":"District","ENGTYPE_2":"District","district":"Narsinghpur","ST_NM":"Madhya Pradesh"},"geometry":{"type":"Polygon","coordinates":[[[78.84230804443365,23.22816085815441],[78.88813018798857,23.215969085693473],[78.92819976806669,23.23577117919922],[78.93627929687517,23.213808059692496],[78.97511291503935,23.20103836059593],[78.98854827880876,23.215709686279354],[79.02509307861357,23.196821212768555],[79.10134124755865,23.20862007141136],[79.1085815429688,23.17254066467291],[79.14141845703136,23.17423820495617],[79.18002319335955,23.200490951538143],[79.19050598144531,23.242162704467887],[79.22059631347685,23.22742843627941],[79.23565673828153,23.25290107727062],[79.25913238525419,23.243150711059627],[79.26405334472668,23.216350555420036],[79.30171966552751,23.23336029052757],[79.32376098632824,23.15030097961437],[79.36564636230469,23.167079925537337],[79.34512329101574,23.108060836792106],[79.45022583007841,23.097291946411246],[79.50479888916044,23.142169952392692],[79.56556701660162,23.13366127014183],[79.57509613037115,23.11384010314947],[79.60898590087908,23.105070114135742],[79.58528900146513,23.024209976196403],[79.63359832763689,22.97467041015625],[79.57752990722673,22.94433975219738],[79.61575317382818,22.90476989746105],[79.6188201904298,22.8757781982423],[79.53814697265636,22.819969177246094],[79.51036834716797,22.777790069580305],[79.50755310058594,22.722209930419922],[79.46640014648443,22.72599983215332],[79.46351623535162,22.743061065673885],[79.40688323974615,22.724420547485295],[79.38622283935564,22.673400878906364],[79.31949615478521,22.61791038513178],[79.29281616210943,22.62039947509777],[79.29928588867193,22.647832870483512],[79.27848815917974,22.656419754028377],[79.29022979736357,22.683420181274357],[79.25968170166044,22.688070297241325],[79.23825073242193,22.720600128173885],[79.25585174560558,22.74197959899925],[79.22339630126959,22.8176326751709],[79.17209625244146,22.78861236572277],[79.13149261474621,22.790769577026367],[79.08201599121111,22.746051788330078],[79.0387573242188,22.761510848999137],[79.01119995117182,22.74212265014671],[79.02124023437506,22.710849761963118],[79.00026702880871,22.693040847778377],[79.01303863525396,22.651081085205078],[78.99104309082031,22.62155914306652],[78.93888092041044,22.629501342773665],[78.90518951416033,22.675680160522575],[78.84295654296903,22.686969757080078],[78.81304168701172,22.65822029113781],[78.77427673339872,22.650640487670955],[78.77613830566412,22.630050659179744],[78.73594665527372,22.626541137695256],[78.67787170410162,22.665979385376204],[78.67434692382841,22.70219993591303],[78.68802642822271,22.710531234741268],[78.6711730957033,22.728759765624943],[78.6885833740235,22.773019790649528],[78.65458679199219,22.769920349121207],[78.64424896240251,22.78384017944336],[78.63051605224626,22.761379241943416],[78.63217163085966,22.80052947998047],[78.61052703857422,22.80048942565918],[78.61573791503912,22.82072830200201],[78.58464813232428,22.818809509277344],[78.59465026855469,22.8504695892334],[78.56944274902372,22.869939804077205],[78.58863830566412,22.882278442382926],[78.575736999512,22.885080337524414],[78.58262634277344,22.913419723510742],[78.56619262695341,22.958740234375114],[78.46324157714861,22.96162986755371],[78.46737670898466,22.985799789428825],[78.43696594238287,22.988300323486328],[78.46382904052751,23.00896072387718],[78.58532714843767,23.01460266113287],[78.6175308227539,23.033840179443303],[78.64100646972673,23.027090072631836],[78.72396087646484,23.049600601196403],[78.75002288818371,23.0827693939209],[78.79450225830107,23.10123062133789],[78.7842178344726,23.121730804443473],[78.80903625488281,23.220001220703182],[78.80155181884794,23.239271163940543],[78.82744598388678,23.255489349365178],[78.84230804443365,23.22816085815441]]]}},{"type":"Feature","properties":{"ID_0":105,"ISO":"IND","NAME_0":"India","ID_1":20,"NAME_1":"Madhya Pradesh","ID_2":286,"NAME_2":"Neemuch","NL_NAME_2":null,"VARNAME_2":null,"TYPE_2":"District","ENGTYPE_2":"District","district":"Neemuch","ST_NM":"Madhya Pradesh"},"geometry":{"type":"Polygon","coordinates":[[[75.1820907592774,25.047580718994254],[75.20056152343767,25.034498214721793],[75.35424041748041,25.037370681762752],[75.31894683837885,25.006509780883846],[75.33748626709001,24.963100433349723],[75.31387329101568,24.900440216064453],[75.27590179443376,24.9767303466798],[75.26631164550776,24.961919784545955],[75.29308319091803,24.923179626464787],[75.26702880859403,24.914211273193587],[75.26145172119146,24.88965988159191],[75.31130218505888,24.869459152221737],[75.32596588134794,24.887008666992244],[75.37197113037104,24.877981185913086],[75.42421722412138,24.8927516937257],[75.4170989990235,24.863901138305607],[75.3057327270509,24.813329696655273],[75.2789382934572,24.853490829467887],[75.22738647460966,24.859149932861442],[75.24994659423845,24.895690917968864],[75.2234191894533,24.890029907226562],[75.20819091796892,24.909999847412166],[75.20131683349626,24.884201049804744],[75.2515487670899,24.832218170166072],[75.20642089843744,24.809930801391545],[75.1868515014649,24.760320663452205],[75.2169494628908,24.722410202026424],[75.2240600585938,24.735460281372127],[75.26724243164091,24.732719421386776],[75.45189666748041,24.693218231201286],[75.54854583740246,24.715560913086165],[75.60951995849615,24.654020309448242],[75.578842163086,24.653102874756087],[75.57228088378923,24.634979248046818],[75.58750152587885,24.621099472046126],[75.59247589111328,24.562360763550032],[75.58146667480469,24.519439697265625],[75.51950836181646,24.479881286621207],[75.41355895996088,24.349149703979606],[75.36149597167969,24.34059906005865],[75.3311767578125,24.35931968688959],[75.3096771240235,24.338800430297795],[75.21292114257812,24.33184242248541],[75.1215591430664,24.358329772949276],[75.13146209716791,24.370929718017578],[75.11325073242193,24.38321113586437],[75.04058074951178,24.345390319824332],[75.05400085449247,24.374090194702205],[75.02249908447277,24.395130157470646],[74.99246978759783,24.360771179199276],[74.98221588134771,24.375019073486385],[74.95903778076166,24.355131149291992],[74.96190643310547,24.302459716796932],[74.90405273437511,24.245878219604492],[74.86972045898449,24.280708312988338],[74.8533172607423,24.269979476928768],[74.7547912597658,24.27897071838379],[74.7836303710938,24.316801071166992],[74.78698730468744,24.371650695800838],[74.85817718505876,24.455539703369254],[74.85411071777372,24.470209121704215],[74.81826782226557,24.461950302124023],[74.81450653076189,24.49221038818382],[74.77899932861328,24.48338127136236],[74.71193695068365,24.510940551757926],[74.75675201416021,24.55462074279791],[74.74797058105474,24.596809387207145],[74.7901229858399,24.61075973510765],[74.78344726562506,24.636760711670036],[74.81710815429716,24.67167091369629],[74.81333923339861,24.68614959716797],[74.77527618408209,24.68773078918457],[74.78965759277338,24.72663116455101],[74.78005218505865,24.742748260498274],[74.8031463623048,24.754852294922102],[74.79931640625006,24.79564094543457],[74.84984588623053,24.698650360107422],[74.89285278320307,24.655349731445426],[74.94285583496111,24.660390853882063],[74.96216583251959,24.70084190368658],[74.99989318847673,24.708488464355526],[74.9934310913086,24.75272941589361],[75.02023315429716,24.752767562866325],[75.00705718994169,24.79606056213379],[74.91694641113281,24.787181854248274],[74.85856628417986,24.813060760498047],[74.84889221191412,24.792659759521484],[74.83751678466825,24.808460235595703],[74.85903167724621,24.829010009765625],[74.82411193847662,24.914810180664062],[74.8327102661134,24.96745109558111],[74.85320281982439,24.974720001220817],[74.86720275878912,24.936941146850643],[74.88469696044939,24.949760437011776],[74.90054321289062,24.939741134643555],[74.91252136230486,24.89909934997553],[74.94873809814447,24.89480018615717],[74.944808959961,24.877910614013672],[75.04338836669939,24.859228134155217],[75.05634307861345,24.881940841674805],[75.11886596679682,24.889039993286246],[75.1190567016601,24.974752426147518],[75.16089630126953,24.98761177062994],[75.15912628173828,25.04547119140625],[75.1820907592774,25.047580718994254]]]}},{"type":"Feature","properties":{"ID_0":105,"ISO":"IND","NAME_0":"India","ID_1":20,"NAME_1":"Madhya Pradesh","ID_2":287,"NAME_2":"Panna","NL_NAME_2":null,"VARNAME_2":null,"TYPE_2":"District","ENGTYPE_2":"District","district":"Panna","ST_NM":"Madhya Pradesh"},"geometry":{"type":"Polygon","coordinates":[[[80.44071197509794,25.082069396972656],[80.47017669677751,25.04469108581543],[80.54155731201178,25.033769607544002],[80.542236328125,25.006660461425895],[80.49868774414074,25.009218215942496],[80.46553802490263,24.976398468017805],[80.4886779785158,24.918270111084098],[80.47695922851591,24.887870788574332],[80.47553253173828,24.857418060302848],[80.48280334472662,24.890949249267805],[80.51557922363298,24.920270919799748],[80.62715148925798,24.876777648925895],[80.59053802490251,24.846410751342887],[80.59987640380876,24.83775138854986],[80.53188323974638,24.812351226806697],[80.46784973144531,24.760280609130916],[80.43271636962919,24.750659942626896],[80.4045715332033,24.77807998657238],[80.38757324218767,24.747850418091048],[80.39830780029303,24.714950561523438],[80.36060333251982,24.694509506225643],[80.41529846191412,24.637689590454045],[80.4141464233399,24.61342048645031],[80.4645462036134,24.614690780639762],[80.43889617919939,24.53266906738287],[80.45928955078142,24.524238586425838],[80.43221282959001,24.50889968872093],[80.41726684570341,24.44533920288086],[80.45449829101562,24.439329147339095],[80.46444702148455,24.379848480224723],[80.4954986572265,24.376710891723746],[80.509506225586,24.346229553222656],[80.57121276855463,24.302890777587947],[80.55815124511724,24.270410537719783],[80.58277893066412,24.256000518798885],[80.56601715087902,24.247880935668945],[80.61785125732428,24.201450347900447],[80.6146087646485,24.18721008300787],[80.62454986572271,24.20126914978033],[80.66956329345709,24.19605064392084],[80.64340209960943,24.177970886230412],[80.62673950195312,24.1866397857666],[80.6187133789062,24.163320541381893],[80.6036605834961,24.171550750732536],[80.59262084960955,24.14188003540039],[80.50392913818376,24.080390930175838],[80.47621917724638,24.072130203247184],[80.43869018554705,24.094850540161076],[80.43641662597673,24.038320541381836],[80.3802108764649,24.04463005065918],[80.38330841064482,24.00349998474144],[80.34999084472673,23.979629516601562],[80.3420867919923,23.946529388427734],[80.31520843505888,23.9339218139649],[80.32240295410162,23.91494941711437],[80.22075653076178,23.953609466552734],[80.2029876708985,23.9790096282959],[80.22853088378906,23.97849082946783],[80.19911193847656,23.99867057800293],[80.16793823242193,24.003751754760856],[80.1429061889649,23.94383049011236],[80.11209106445341,23.956712722778434],[80.09440612792986,23.98690986633295],[80.07681274414091,23.979959487915096],[80.04635620117205,23.99627113342285],[80.00894927978516,23.980569839477653],[79.96402740478521,23.86565971374523],[79.9347305297851,23.83230972290039],[79.85917663574247,23.832120895385685],[79.84963989257841,23.854471206665096],[79.86351776123053,23.905649185180607],[79.83175659179688,23.93655967712425],[79.85070800781256,23.989620208740178],[79.83106231689459,24.00765037536621],[79.83825683593767,24.025270462036133],[79.7546768188476,24.03641128540039],[79.73092651367193,24.064891815185604],[79.75682067871111,24.078531265258846],[79.75746917724615,24.10411071777355],[79.80532073974615,24.162570953369254],[79.80851745605486,24.203519821166992],[79.83525085449224,24.21983909606945],[79.83921813964861,24.24760055542015],[79.8023223876956,24.26906967163086],[79.80661773681658,24.28736114501976],[79.85146331787115,24.30236053466797],[79.82875061035156,24.323369979858626],[79.7972717285158,24.32067108154297],[79.81479644775408,24.35012054443382],[79.79006958007818,24.376791000366268],[79.81873321533232,24.387399673462028],[79.84813690185541,24.353290557861385],[79.87618255615229,24.378189086914176],[79.86074829101562,24.461790084838867],[79.87567901611334,24.48048973083496],[79.86035156249994,24.5110702514649],[79.87692260742216,24.524169921875],[79.86937713623047,24.574649810791016],[79.89540863037138,24.577140808105582],[79.88211822509783,24.595239639282283],[79.85217285156267,24.586870193481673],[79.83911895751964,24.616569519043196],[79.88973236083984,24.69717979431158],[79.92032623291021,24.69159126281744],[79.9522094726563,24.660720825195256],[79.9901123046875,24.72729110717796],[80.07839202880876,24.813350677490348],[80.08304595947271,24.84431076049799],[80.02749633789062,24.913299560546875],[80.04656219482439,24.942310333252067],[80.14216613769537,24.940530776977653],[80.15426635742182,24.96624946594244],[80.26693725585949,25.030242919921875],[80.3141021728515,25.003509521484375],[80.3588485717774,25.026079177856445],[80.38218688964872,25.009740829467773],[80.36576080322294,25.057760238647575],[80.44071197509794,25.082069396972656]]]}},{"type":"Feature","properties":{"ID_0":105,"ISO":"IND","NAME_0":"India","ID_1":20,"NAME_1":"Madhya Pradesh","ID_2":288,"NAME_2":"Raisen","NL_NAME_2":null,"VARNAME_2":null,"TYPE_2":"District","ENGTYPE_2":"District","district":"Raisen","ST_NM":"Madhya Pradesh"},"geometry":{"type":"Polygon","coordinates":[[[78.42891693115251,23.744489669800032],[78.46317291259794,23.647020339965763],[78.47978210449247,23.641780853271484],[78.50776672363287,23.66117286682129],[78.49806213378918,23.53568840026867],[78.53154754638689,23.56522941589367],[78.63356781005876,23.55136108398449],[78.64079284667963,23.56468009948742],[78.73229217529308,23.57987022399908],[78.72936248779303,23.534812927246037],[78.71349334716814,23.536811828613338],[78.6729125976563,23.4975204467774],[78.65606689453125,23.45285987854004],[78.62422180175798,23.454090118408203],[78.59429168701189,23.426639556884766],[78.6168823242188,23.421970367431754],[78.63601684570307,23.349889755249137],[78.65820312500017,23.336639404296818],[78.71285247802763,23.354780197143555],[78.76438140869135,23.298099517822322],[78.75129699707037,23.251649856567383],[78.80332946777361,23.23736953735346],[78.7905578613283,23.095239639282227],[78.75002288818371,23.0827693939209],[78.72058868408209,23.047668457031193],[78.6175308227539,23.033840179443303],[78.58532714843767,23.01460266113287],[78.45822143554716,23.007490158081282],[78.35249328613287,22.92535972595209],[78.31658172607439,22.919031143188477],[78.2754516601563,22.871700286865348],[78.23393249511747,22.87028121948248],[78.19341278076178,22.894620895385856],[78.12737274169939,22.8435001373291],[78.10469055175798,22.793199539184798],[78.0641632080081,22.815761566162166],[78.02436065673845,22.806022644042912],[78.02545166015653,22.845359802246094],[78.0045166015625,22.860742568969783],[78.02918243408209,22.911090850830135],[78.00093841552734,22.933469772338924],[77.94412994384771,22.9054794311524],[77.96022796630888,22.964569091796875],[77.87004089355469,22.95241165161127],[77.77348327636747,22.90053176879877],[77.6954879760745,22.886520385742188],[77.66826629638689,22.858238220214957],[77.6878814697265,22.83752059936529],[77.62487792968761,22.83412933349615],[77.55713653564459,22.878330230712947],[77.53156280517584,22.85387039184576],[77.51728820800787,22.873931884765625],[77.52320098876959,22.89563179016119],[77.48681640625028,22.888490676879883],[77.46216583251959,22.911462783813533],[77.42859649658209,22.91220092773449],[77.42690277099621,22.961261749267635],[77.39874267578125,22.965051651001204],[77.36293792724615,23.00113105773937],[77.37149810791033,23.02350234985363],[77.35743713378912,23.060180664062727],[77.379379272461,23.093080520629996],[77.49339294433594,23.10650062561035],[77.56360626220709,23.148290634155387],[77.56214904785185,23.1836395263673],[77.58148956298845,23.189989089965934],[77.59599304199236,23.232919692993107],[77.5801773071289,23.28863906860363],[77.62383270263689,23.33769035339367],[77.62346649169939,23.35804939270014],[77.57876586914091,23.357200622558707],[77.55404663085938,23.382160186767578],[77.55446624755865,23.427730560302734],[77.52279663085943,23.431041717529354],[77.5097198486331,23.417060852050838],[77.4878768920899,23.4311199188233],[77.51245117187517,23.518081665039062],[77.56127929687517,23.50679969787609],[77.62101745605474,23.467769622802678],[77.64729309082048,23.485080718994254],[77.62441253662126,23.550470352172965],[77.66794586181646,23.521921157836914],[77.73008728027361,23.53852844238287],[77.81062316894537,23.4626407623291],[77.86949157714861,23.44511985778803],[77.91033935546875,23.45615005493164],[77.95572662353533,23.416038513183594],[77.95575714111334,23.37621116638195],[78.01716613769537,23.34876251220726],[78.05197906494169,23.387899398803654],[78.04318237304716,23.405141830444393],[77.98906707763672,23.418710708618107],[77.99574279785156,23.47005081176752],[78.0200881958009,23.475980758667106],[78.08072662353521,23.454130172729492],[78.14325714111334,23.478580474853572],[78.12950897216803,23.487340927124023],[78.12880706787121,23.520280838012923],[78.18949890136747,23.544530868530273],[78.21618652343778,23.532609939575195],[78.22074127197277,23.563560485839957],[78.27143096923834,23.614509582519645],[78.29479980468744,23.681840896606502],[78.28466796875028,23.70259094238287],[78.32167053222685,23.693719863891715],[78.3357696533206,23.661939620971793],[78.40457916259771,23.642190933227653],[78.39253234863287,23.679929733276367],[78.4234466552735,23.680810928344727],[78.4043579101563,23.692819595336914],[78.42405700683605,23.719480514526424],[78.4070663452149,23.734899520874023],[78.35428619384794,23.676731109619368],[78.34047698974615,23.68349075317377],[78.36290740966797,23.729660034179915],[78.42891693115251,23.744489669800032]]]}},{"type":"Feature","properties":{"ID_0":105,"ISO":"IND","NAME_0":"India","ID_1":20,"NAME_1":"Madhya Pradesh","ID_2":289,"NAME_2":"Rajgarh","NL_NAME_2":null,"VARNAME_2":null,"TYPE_2":"District","ENGTYPE_2":"District","district":"Rajgarh","ST_NM":"Madhya Pradesh"},"geometry":{"type":"Polygon","coordinates":[[[76.69330596923834,24.27404975891119],[76.70249938964872,24.248800277710018],[76.67420959472662,24.193429946899528],[76.69519042968756,24.176000595092887],[76.7207107543947,24.16172027587902],[76.75499725341791,24.17209053039562],[76.80111694335966,24.120340347290096],[76.8765716552735,24.13837814331066],[76.88675689697294,24.10865020751976],[76.94483947753906,24.083831787109432],[76.96454620361334,24.05582046508789],[76.99771881103521,24.06151008605957],[77.0248260498048,24.086891174316463],[77.17814636230474,24.086879730224723],[77.1841430664062,24.00919914245611],[77.1597290039062,23.95298957824707],[77.17810821533203,23.939590454101562],[77.18202209472685,23.902370452881087],[77.22319793701183,23.90015029907238],[77.20816802978544,23.846950531005803],[77.21778869628912,23.82477951049816],[77.1754989624024,23.708341598510685],[77.1358261108399,23.650520324707088],[77.15216064453142,23.614959716796875],[77.1461715698245,23.578090667724666],[77.04810333251964,23.484638214111385],[76.97126007080107,23.509180068969727],[76.93524932861328,23.47589111328125],[76.90731811523443,23.499380111694393],[76.91662597656256,23.519510269165266],[76.89228057861357,23.526491165161133],[76.87616729736345,23.50044822692871],[76.81661224365234,23.488531112670955],[76.79396057128923,23.459781646728516],[76.75933837890653,23.500730514526595],[76.69227600097673,23.490882873535213],[76.65676879882807,23.503240585327262],[76.65725708007818,23.539730072021484],[76.60006713867199,23.565191268921126],[76.58030700683611,23.552152633666992],[76.5277862548831,23.576490402221793],[76.50226593017572,23.568000793456974],[76.5125274658206,23.535749435424805],[76.4891662597658,23.53803062438965],[76.50354003906256,23.51516914367687],[76.43567657470732,23.549999237060547],[76.43720245361357,23.607179641723633],[76.46160888671903,23.59836006164562],[76.40074157714855,23.67840003967308],[76.40970611572277,23.723180770874137],[76.39478302001959,23.766050338745174],[76.37555694580084,23.77289962768566],[76.38146972656256,23.81291961669922],[76.35890197753906,23.819271087646598],[76.35520172119169,23.85354042053234],[76.32872009277344,23.867610931396484],[76.32488250732416,23.889841079711914],[76.2969360351563,23.90139961242687],[76.31265258789091,23.930660247802848],[76.30004882812528,23.966199874877873],[76.25277709960966,23.98522758483898],[76.27617645263678,24.00696945190424],[76.26790618896501,24.052640914916992],[76.21280670166021,24.059360504150447],[76.20121765136724,24.103790283203125],[76.23594665527355,24.0997695922851],[76.22531890869135,24.120479583740234],[76.24518585205095,24.152309417724553],[76.22422790527361,24.15709114074707],[76.21556854248075,24.216808319091797],[76.24767303466814,24.227920532226676],[76.28277587890642,24.21571159362793],[76.28964996337908,24.237030029296932],[76.32689666748053,24.253618240356445],[76.41443634033209,24.20742034912115],[76.42360687255865,24.226949691772404],[76.45324707031244,24.216821670532283],[76.46994781494146,24.231399536132812],[76.53143310546903,24.16346931457531],[76.57972717285156,24.180679321289062],[76.56577301025419,24.20079994201666],[76.59738922119152,24.22991943359375],[76.58802032470709,24.24955940246582],[76.6139526367188,24.242179870605526],[76.61634826660156,24.262840270996037],[76.6682968139649,24.267381668091048],[76.69296264648466,24.28504943847662],[76.69330596923834,24.27404975891119]]]}},{"type":"Feature","properties":{"ID_0":105,"ISO":"IND","NAME_0":"India","ID_1":20,"NAME_1":"Madhya Pradesh","ID_2":290,"NAME_2":"Ratlam","NL_NAME_2":null,"VARNAME_2":null,"TYPE_2":"District","ENGTYPE_2":"District","district":"Ratlam","ST_NM":"Madhya Pradesh"},"geometry":{"type":"Polygon","coordinates":[[[75.47683715820341,23.91473960876465],[75.57640075683622,23.84329032897972],[75.5560607910158,23.82593154907238],[75.5833129882812,23.815208435058594],[75.58252716064482,23.800359725952205],[75.65183258056658,23.80194854736351],[75.67440795898443,23.784467697143555],[75.68586730957043,23.718469619751033],[75.6431274414063,23.71376991271967],[75.61756896972662,23.663940429687443],[75.52336883544933,23.67238044738764],[75.50305175781267,23.624521255493164],[75.51351165771484,23.59212112426752],[75.49507141113287,23.562040328979435],[75.5226364135745,23.54342842102062],[75.503890991211,23.530662536621094],[75.44519042968778,23.55293083190918],[75.397216796875,23.605369567871207],[75.33229064941435,23.59665107727045],[75.33509826660162,23.631860733032454],[75.2810668945313,23.59404945373535],[75.27339935302751,23.545379638671932],[75.24372863769537,23.5377197265625],[75.23575592041044,23.518207550048885],[75.20185089111328,23.53703117370617],[75.18586730957048,23.526531219482422],[75.17307281494158,23.458829879760856],[75.1342391967774,23.408420562744254],[75.16710662841825,23.40043067932129],[75.20572662353521,23.35308074951172],[75.20094299316423,23.329879760742415],[75.25853729248064,23.316980361938533],[75.26361083984403,23.302249908447266],[75.32639312744135,23.295970916748047],[75.32065582275419,23.28004074096691],[75.26262664794933,23.271820068359375],[75.28248596191435,23.22270011901867],[75.2452926635745,23.230947494506836],[75.2257919311524,23.214469909668026],[75.23519134521513,23.090749740600586],[75.11022186279303,23.116609573364258],[74.99236297607433,23.112159729003906],[74.99092102050798,23.142131805420036],[74.92672729492193,23.162059783935547],[74.88626861572271,23.13754844665533],[74.80385589599615,23.137561798095817],[74.78099822998053,23.15460014343273],[74.80297088623075,23.169651031494084],[74.76844787597685,23.17913818359375],[74.78674316406261,23.198720932006836],[74.7922821044923,23.24081039428711],[74.69960784912138,23.22034072875988],[74.72215270996094,23.24251174926752],[74.70114898681669,23.272142410278377],[74.64624786376953,23.259719848632926],[74.57192230224615,23.300891876220703],[74.55346679687506,23.282520294189567],[74.53366088867216,23.323030471801815],[74.51924896240251,23.32193756103527],[74.57071685791016,23.37775039672846],[74.57402038574224,23.422542572021598],[74.59845733642584,23.42975997924816],[74.61338043212919,23.46136093139654],[74.65473175048834,23.464420318603572],[74.70066070556646,23.503681182861328],[74.73365783691412,23.5005207061767],[74.78501129150396,23.548030853271598],[74.80288696289062,23.534051895141715],[74.84542083740234,23.554170608520508],[74.9060287475586,23.622951507568416],[74.93972015380871,23.630371093749943],[74.90762329101568,23.682830810546818],[74.94056701660173,23.734870910644645],[74.93187713623053,23.758110046386832],[74.95823669433622,23.7684707641601],[74.97048187255854,23.79737091064476],[75.01423645019537,23.816570281982536],[75.03666687011713,23.785379409790096],[75.05441284179688,23.800081253051985],[75.05029296875006,23.82666015625],[75.09168243408209,23.81776809692377],[75.11875152587896,23.851060867309684],[75.13321685791033,23.831291198730526],[75.19190979003935,23.82983970642084],[75.23361968994146,23.865221023559513],[75.25762176513678,23.823829650878906],[75.29876708984392,23.85558128356928],[75.33167266845714,23.84244155883789],[75.32196044921903,23.811220169067496],[75.33490753173834,23.806739807128963],[75.37151336669928,23.873239517211914],[75.42684936523449,23.911880493164176],[75.47683715820341,23.91473960876465]]]}},{"type":"Feature","properties":{"ID_0":105,"ISO":"IND","NAME_0":"India","ID_1":20,"NAME_1":"Madhya Pradesh","ID_2":291,"NAME_2":"Rewa","NL_NAME_2":null,"VARNAME_2":null,"TYPE_2":"District","ENGTYPE_2":"District","district":"Rewa","ST_NM":"Madhya Pradesh"},"geometry":{"type":"Polygon","coordinates":[[[81.58560943603516,25.18662071228033],[81.58177947998064,25.16827011108421],[81.61000061035173,25.17365264892578],[81.61898803710938,25.159650802612305],[81.59211730957037,25.136381149291992],[81.6012268066408,25.100210189819393],[81.61675262451178,25.122619628906307],[81.63195037841814,25.103269577026424],[81.59379577636736,25.079799652099666],[81.60434722900396,25.060749053955192],[81.65869140625006,25.079730987548828],[81.6818923950197,25.043771743774357],[81.73239135742216,25.048709869384822],[81.78922271728544,25.010139465331974],[81.8293685913086,25.019332885742188],[81.88613128662138,24.992820739746094],[81.89846801757818,25.009620666503906],[81.9120407104495,24.930919647216797],[81.89644622802729,24.89250946044922],[81.95915222167997,24.830610275268498],[82.00489044189459,24.850690841674805],[82.08187103271501,24.8221111297608],[82.1121902465822,24.792261123657283],[82.13224792480486,24.804479598998967],[82.15939331054693,24.792261123657283],[82.19596862792974,24.82452964782715],[82.17900848388678,24.804651260375977],[82.20871734619158,24.79776954650879],[82.20947265625017,24.78149032592779],[82.18936157226574,24.78228187561035],[82.19567108154325,24.763748168945312],[82.17288208007812,24.739570617675838],[82.21375274658209,24.728660583496094],[82.19948577880888,24.75206947326666],[82.22280883789062,24.751739501953125],[82.22091674804705,24.767049789428825],[82.23837280273449,24.754409790039062],[82.24365997314459,24.775751113891715],[82.22992706298834,24.669639587402457],[82.25305175781256,24.666091918945312],[82.26336669921886,24.68641090393072],[82.29641723632807,24.670011520385685],[82.29860687255865,24.601142883300838],[82.26655578613287,24.595649719238395],[82.17101287841803,24.621839523315487],[82.17745971679688,24.610849380493164],[82.1223373413086,24.595670700073242],[82.06217956542997,24.60342025756836],[82.05342102050776,24.57880020141596],[81.94696807861357,24.549640655517578],[81.94296264648466,24.576139450073356],[81.92035675048834,24.57232093811035],[81.88768768310547,24.555850982666072],[81.89121246337896,24.53111076354992],[81.738090515137,24.49842071533203],[81.72850799560553,24.514739990234432],[81.68942260742193,24.50341033935547],[81.50720214843767,24.43180084228527],[81.30642700195318,24.328229904174748],[81.2642669677735,24.32486152648937],[81.27606964111334,24.359489440918026],[81.26168823242188,24.383350372314453],[81.28131866455072,24.384481430053654],[81.28341674804682,24.399169921875114],[81.23121643066423,24.447309494018555],[81.21730041503906,24.493530273437557],[81.13166046142578,24.514610290527287],[81.15043640136747,24.526189804077262],[81.15570831298834,24.64204978942871],[81.1752166748048,24.701871871948185],[81.03894042968767,24.801210403442383],[81.06327819824247,24.80625152587885],[81.06504821777344,24.83530998229986],[81.09028625488287,24.837411880493164],[81.11678314208984,24.901821136474837],[81.13244628906256,24.89207077026373],[81.15231323242193,24.91628074645996],[81.16143035888678,24.958511352539062],[81.19895935058611,24.934738159179744],[81.18441772460966,24.929220199584904],[81.21260833740246,24.93452072143549],[81.20169830322271,24.995729446411133],[81.26158905029303,25.068460464477596],[81.24569702148455,25.105541229248104],[81.27477264404303,25.153419494628906],[81.26911926269526,25.167739868164062],[81.30638885498053,25.165992736816406],[81.31466674804716,25.11629104614252],[81.31297302246122,25.163547515869254],[81.32995605468744,25.172491073608455],[81.39122009277361,25.123130798339844],[81.43022155761724,25.133630752563477],[81.43833923339861,25.110441207885742],[81.40084838867193,25.107770919799805],[81.48372650146501,25.074939727783203],[81.5075759887697,25.10680961608881],[81.47175598144537,25.134990692138615],[81.48960876464838,25.13422012329096],[81.49540710449224,25.152349472046012],[81.52465057373058,25.143640518188533],[81.53000640869169,25.163339614868278],[81.50956726074224,25.187030792236442],[81.58560943603516,25.18662071228033]]]}},{"type":"Feature","properties":{"ID_0":105,"ISO":"IND","NAME_0":"India","ID_1":20,"NAME_1":"Madhya Pradesh","ID_2":292,"NAME_2":"Sagar","NL_NAME_2":null,"VARNAME_2":"Saugor","TYPE_2":"District","ENGTYPE_2":"District","district":"Sagar","ST_NM":"Madhya Pradesh"},"geometry":{"type":"Polygon","coordinates":[[[78.38236999511736,24.273929595947322],[78.43477630615263,24.297660827636946],[78.44029235839872,24.325531005859432],[78.46779632568354,24.33934020996088],[78.50537109374994,24.39394950866705],[78.57843780517578,24.35708045959484],[78.62281036376964,24.30985069274908],[78.6217193603515,24.28626060485834],[78.65444946289068,24.273740768432617],[78.66912078857428,24.245019912719727],[78.69886016845709,24.234479904175032],[78.73221588134766,24.253820419311637],[78.7458877563476,24.239271163940487],[78.76027679443365,24.258489608764705],[78.78459930419916,24.185140609741325],[78.80224609375006,24.18190002441412],[78.81352233886724,24.210279464721737],[78.82425689697294,24.201299667358626],[78.87886047363298,24.22305107116705],[78.87909698486334,24.25401115417492],[78.91172027587896,24.276500701904297],[78.9077606201173,24.301231384277344],[78.96687316894537,24.353660583496094],[78.98689270019537,24.423240661621207],[78.99928283691412,24.37533950805664],[79.01093292236334,24.386461257934684],[79.04162597656256,24.37225151062023],[79.0666122436524,24.40701293945324],[79.16091156005888,24.4341201782226],[79.2361907958985,24.41728019714367],[79.24620056152344,24.374370574951172],[79.20938873291016,24.335269927978516],[79.19119262695324,24.33778953552246],[79.19010925292963,24.362951278686523],[79.15274047851562,24.37645912170416],[79.15952301025396,24.40991973876953],[79.14414978027344,24.40919113159191],[79.14611053466797,24.378641128540153],[79.13408660888689,24.373218536376953],[79.17749786376982,24.32947921752941],[79.1625061035158,24.309640884399414],[79.16725158691423,24.283481597900447],[79.13339233398443,24.257240295410213],[79.10537719726591,24.26736831665039],[79.09072113037138,24.24775123596197],[79.06078338623041,24.266849517822322],[79.05618286132841,24.230571746826172],[79.04032135009777,24.224870681762752],[79.06687927246122,24.135639190674055],[79.14054870605486,24.105030059814453],[79.18138122558611,24.016370773315373],[79.12761688232428,23.981180191039982],[79.07736206054716,23.977331161499023],[79.09162902832043,23.957660675048885],[79.05193328857428,23.918991088867188],[79.07157897949224,23.907909393310604],[79.08793640136719,23.922000885009822],[79.14480590820318,23.851089477539062],[79.24343109130865,23.82905006408697],[79.21514129638689,23.788009643554744],[79.2659530639649,23.746110916137923],[79.28533935546892,23.74807167053234],[79.2921524047851,23.710540771484375],[79.2801818847658,23.69345092773449],[79.34541320800798,23.660440444946346],[79.32943725585943,23.632930755615348],[79.29464721679688,23.641130447387695],[79.29646301269537,23.600170135498047],[79.31175231933622,23.5883407592774],[79.29241180419928,23.571880340576286],[79.31865692138666,23.552831649780387],[79.3231964111331,23.52585029602062],[79.29303741455084,23.516370773315657],[79.27957916259766,23.48036956787132],[79.2205429077149,23.461669921875227],[79.2130966186524,23.439340591430664],[79.1763992309572,23.434089660644645],[79.19529724121111,23.4171199798584],[79.18103027343756,23.404809951782227],[79.18450164794928,23.37094116210949],[79.21256256103527,23.366779327392805],[79.22989654541021,23.341978073120117],[79.20500946044939,23.32018089294428],[79.22384643554716,23.29304122924816],[79.20793914794928,23.26303291320812],[79.1658477783206,23.25816917419445],[79.1685028076173,23.225879669189567],[79.18385314941423,23.222940444946346],[79.1762466430664,23.196121215820312],[79.1085815429688,23.17254066467291],[79.10134124755865,23.20862007141136],[79.04981994628912,23.195220947265852],[78.98854827880876,23.215709686279354],[78.97511291503935,23.20103836059593],[78.93627929687517,23.213808059692496],[78.92819976806669,23.23577117919922],[78.88813018798857,23.215969085693473],[78.84230804443365,23.22816085815441],[78.82744598388678,23.255489349365178],[78.80155181884794,23.239271163940543],[78.75657653808594,23.248331069946403],[78.76438140869135,23.298099517822322],[78.71862030029297,23.349910736083984],[78.64779663085949,23.34163093566906],[78.62462615966814,23.36713981628418],[78.6168823242188,23.421970367431754],[78.59429168701189,23.426639556884766],[78.62422180175798,23.454090118408203],[78.65606689453125,23.45285987854004],[78.6729125976563,23.4975204467774],[78.71349334716814,23.536811828613338],[78.72936248779303,23.534812927246037],[78.72715759277372,23.584470748901424],[78.64079284667963,23.56468009948742],[78.63356781005876,23.55136108398449],[78.53154754638689,23.56522941589367],[78.49806213378918,23.53568840026867],[78.50776672363287,23.66117286682129],[78.47978210449247,23.641780853271484],[78.46317291259794,23.647020339965763],[78.4276733398438,23.748451232910156],[78.36290740966797,23.729660034179915],[78.34047698974615,23.68349075317377],[78.36702728271496,23.68794822692871],[78.39462280273443,23.734899520874023],[78.42296600341791,23.72302055358881],[78.40260314941423,23.70075035095215],[78.4234466552735,23.680810928344727],[78.39253234863287,23.679929733276367],[78.40965270996111,23.648452758789176],[78.39302062988276,23.636302947998104],[78.37155151367193,23.657680511474666],[78.332328796387,23.66411972045904],[78.31823730468778,23.696149826049805],[78.28466796875028,23.70259094238287],[78.28711700439464,23.67766952514654],[78.26346588134777,23.731929779052678],[78.24639129638689,23.710409164428825],[78.2321395874024,23.717979431152344],[78.25969696044916,23.75455856323248],[78.24787902832026,23.760200500488338],[78.26271057128935,23.78150939941412],[78.25174713134783,23.79253005981451],[78.28098297119146,23.78787994384777],[78.27863311767595,23.814519882202262],[78.25821685791033,23.819360733032283],[78.29283142089855,23.832420349121094],[78.29036712646513,23.85062026977539],[78.26956176757824,23.84699058532709],[78.25654602050787,23.862850189208984],[78.27259063720709,23.870180130004826],[78.2873001098634,23.918621063232536],[78.25920104980474,23.950099945068473],[78.28301239013689,23.969280242919922],[78.27231597900408,24.033020019531193],[78.20616149902361,24.07225036621105],[78.16987609863281,24.013250350952205],[78.1186981201173,24.04581832885748],[78.10766601562528,24.03172111511236],[78.0695877075197,24.048469543456974],[78.08465576171892,24.06915092468273],[78.11302947998041,24.054050445556754],[78.12975311279308,24.120121002197266],[78.09091186523438,24.16003036499029],[78.12007904052729,24.168140411376896],[78.13719940185558,24.206630706787223],[78.0534057617188,24.234880447387695],[78.08995056152338,24.23487091064453],[78.08583068847662,24.25373077392578],[78.06339263916044,24.250829696655273],[78.09142303466808,24.265579223632812],[78.08692932128923,24.323621749878043],[78.14277648925776,24.361600875854435],[78.16221618652372,24.400011062622184],[78.20385742187517,24.410921096801758],[78.26074981689459,24.45393943786621],[78.36094665527372,24.38578987121582],[78.32599639892584,24.329618453979492],[78.38236999511736,24.273929595947322]]]}},{"type":"Feature","properties":{"ID_0":105,"ISO":"IND","NAME_0":"India","ID_1":20,"NAME_1":"Madhya Pradesh","ID_2":293,"NAME_2":"Satna","NL_NAME_2":null,"VARNAME_2":null,"TYPE_2":"District","ENGTYPE_2":"District","district":"Satna","ST_NM":"Madhya Pradesh"},"geometry":{"type":"Polygon","coordinates":[[[80.8780364990235,25.195600509643782],[80.90556335449247,25.164480209350643],[80.86498260498064,25.12364959716797],[80.87065124511747,25.071050643921126],[80.82668304443365,25.039190292358626],[80.85025024414091,25.00314140319847],[80.78994750976591,24.967180252075252],[80.80220031738276,24.944459915161133],[80.83490753173834,24.93452835083002],[80.88482666015642,24.94889068603527],[80.90278625488287,24.940160751342773],[80.8973007202149,24.95672035217291],[80.94249725341803,24.971139907836914],[80.95523071289062,24.925710678100813],[80.97225952148443,24.939601898193416],[81.01677703857416,24.93246078491211],[81.00952911376947,24.954320907593],[81.08120727539091,24.950210571289176],[81.11678314208984,24.887029647827262],[81.09028625488287,24.837411880493164],[81.05885314941412,24.827499389648494],[81.06217956542969,24.80496025085455],[81.03894042968767,24.801210403442383],[81.1752166748048,24.701871871948185],[81.15570831298834,24.64204978942871],[81.15043640136747,24.526189804077262],[81.13166046142578,24.514610290527287],[81.21730041503906,24.493530273437557],[81.23121643066423,24.447309494018555],[81.28341674804682,24.399169921875114],[81.28131866455072,24.384481430053654],[81.26168823242188,24.383350372314453],[81.27606964111334,24.359489440918026],[81.2642669677735,24.32486152648937],[81.2983474731447,24.32522010803234],[81.31871032714838,24.296239852905273],[81.33757019042997,24.296239852905273],[81.34406280517607,24.256919860839957],[81.3828964233399,24.26752090454096],[81.36550903320318,24.217260360717773],[81.33975982666021,24.192720413208008],[81.2716369628908,24.189371109009016],[81.21732330322271,24.155530929565487],[81.21943664550787,24.132080078125057],[81.19358062744135,24.112440109252987],[81.13926696777361,24.139400482177734],[80.98739624023432,24.094192504882926],[80.96591186523438,24.06915092468273],[80.8630599975586,24.08341026306158],[80.83278656005865,24.028930664062557],[80.80181121826166,24.019210815429744],[80.78808593749994,23.971710205078182],[80.75363922119146,23.99275016784668],[80.75078582763678,24.032150268554744],[80.79767608642595,24.04327964782715],[80.79315948486334,24.070110321044865],[80.74259185791021,24.067760467529354],[80.71913909912115,24.08259010314947],[80.70688629150408,24.07268905639671],[80.69249725341825,24.0888729095459],[80.73809814453153,24.119649887085018],[80.73059082031256,24.138179779052848],[80.67035675048857,24.11236190795921],[80.6745223999024,24.08047103881836],[80.63407897949224,24.09133911132824],[80.64382934570324,24.052021026611328],[80.62342834472668,24.0812797546389],[80.54145050048857,24.036109924316406],[80.54741668701189,24.057838439941406],[80.52780151367193,24.07167053222662],[80.50917816162121,24.05217933654785],[80.52562713623041,24.033098220825195],[80.48607635498053,24.001800537109375],[80.3502883911134,23.970119476318473],[80.38330841064482,24.00349998474144],[80.3802108764649,24.04463005065918],[80.43641662597673,24.038320541381836],[80.43869018554705,24.094850540161076],[80.47621917724638,24.072130203247184],[80.50392913818376,24.080390930175838],[80.59262084960955,24.14188003540039],[80.6036605834961,24.171550750732536],[80.6187133789062,24.163320541381893],[80.62673950195312,24.1866397857666],[80.64340209960943,24.177970886230412],[80.66956329345709,24.19605064392084],[80.62454986572271,24.20126914978033],[80.6146087646485,24.18721008300787],[80.61785125732428,24.201450347900447],[80.56601715087902,24.247880935668945],[80.58277893066412,24.256000518798885],[80.55815124511724,24.270410537719783],[80.57121276855463,24.302890777587947],[80.509506225586,24.346229553222656],[80.4954986572265,24.376710891723746],[80.46444702148455,24.379848480224723],[80.45449829101562,24.439329147339095],[80.41726684570341,24.44533920288086],[80.43221282959001,24.50889968872093],[80.45928955078142,24.524238586425838],[80.43889617919939,24.53266906738287],[80.4645462036134,24.614690780639762],[80.4141464233399,24.61342048645031],[80.41529846191412,24.637689590454045],[80.36060333251982,24.694509506225643],[80.39830780029303,24.714950561523438],[80.38757324218767,24.747850418091048],[80.4045715332033,24.77807998657238],[80.43271636962919,24.750659942626896],[80.46784973144531,24.760280609130916],[80.53188323974638,24.812351226806697],[80.59987640380876,24.83775138854986],[80.59053802490251,24.846410751342887],[80.6264266967774,24.869121551513672],[80.51557922363298,24.920270919799748],[80.48280334472662,24.890949249267805],[80.47553253173828,24.857418060302848],[80.4886779785158,24.918270111084098],[80.46553802490263,24.976398468017805],[80.49868774414074,25.009218215942496],[80.54251861572271,25.008840560913143],[80.5403900146485,25.03578948974615],[80.49420928955095,25.045320510864258],[80.49997711181646,25.089559555053768],[80.47447967529325,25.10182952880865],[80.509506225586,25.101020812988338],[80.54341888427751,25.067661285400334],[80.5624389648437,25.091440200805607],[80.60678100585943,25.07217979431158],[80.58777618408232,25.10910034179699],[80.59960937500028,25.15546989440918],[80.6323928833009,25.123281478881893],[80.6013565063476,25.104408264160156],[80.62004089355463,25.089580535888615],[80.635238647461,25.097560882568473],[80.65629577636719,25.074441909790153],[80.6792602539063,25.081819534301985],[80.673568725586,25.054170608520735],[80.72720336914091,25.07182121276861],[80.77593994140625,25.061691284179688],[80.77597808837896,25.084300994873047],[80.72524261474615,25.097959518432674],[80.7253723144533,25.122882843017805],[80.69963836669939,25.137149810791016],[80.79957580566423,25.14641761779785],[80.82769775390636,25.110309600830135],[80.83628082275402,25.192680358886662],[80.8780364990235,25.195600509643782]]]}},{"type":"Feature","properties":{"ID_0":105,"ISO":"IND","NAME_0":"India","ID_1":20,"NAME_1":"Madhya Pradesh","ID_2":294,"NAME_2":"Sehore","NL_NAME_2":null,"VARNAME_2":null,"TYPE_2":"District","ENGTYPE_2":"District","district":"Sehore","ST_NM":"Madhya Pradesh"},"geometry":{"type":"Polygon","coordinates":[[[77.17131805419933,23.68379020690918],[77.19548797607428,23.663740158081055],[77.21795654296892,23.670352935791016],[77.22486877441412,23.630161285400447],[77.27184295654325,23.61459159851097],[77.29413604736334,23.586219787597884],[77.28147888183611,23.5698184967041],[77.29424285888689,23.435550689697266],[77.27706146240251,23.41234970092779],[77.2409057617188,23.41321182250971],[77.23396301269548,23.40020751953125],[77.25792694091825,23.388250350952262],[77.22696685791021,23.360740661621094],[77.22332000732428,23.33209991455078],[77.20011138916027,23.363580703735295],[77.18327331542974,23.360519409179688],[77.1765975952149,23.31166267395031],[77.219779968262,23.29446029663086],[77.21340942382818,23.261899948120174],[77.18567657470697,23.238000869751033],[77.19328308105497,23.225561141967887],[77.21713256835966,23.23073959350586],[77.21337127685564,23.207187652588004],[77.23737335205078,23.198190689087028],[77.2826232910158,23.10576820373535],[77.32334899902372,23.112030029296932],[77.379379272461,23.093080520629996],[77.35743713378912,23.060180664062727],[77.37149810791033,23.02350234985363],[77.36120605468767,23.004898071289176],[77.39874267578125,22.965051651001204],[77.42690277099621,22.961261749267635],[77.42859649658209,22.91220092773449],[77.46216583251959,22.911462783813533],[77.48681640625028,22.888490676879883],[77.52320098876959,22.89563179016119],[77.51728820800787,22.873931884765625],[77.53156280517584,22.85387039184576],[77.55713653564459,22.878330230712947],[77.62487792968761,22.83412933349615],[77.6878814697265,22.83752059936529],[77.66826629638689,22.858238220214957],[77.6954879760745,22.886520385742188],[77.77348327636747,22.90053176879877],[77.87004089355469,22.95241165161127],[77.96022796630888,22.964569091796875],[77.94412994384771,22.9054794311524],[78.00093841552734,22.933469772338924],[78.02918243408209,22.911090850830135],[78.0045166015625,22.860742568969783],[78.02545166015653,22.845359802246094],[78.02436065673845,22.806022644042912],[77.9936599731447,22.82159996032709],[77.9545288085937,22.817129135132063],[77.91626739501959,22.762870788574332],[77.9037628173831,22.805850982666072],[77.9208068847658,22.84881019592285],[77.86575317382818,22.822998046874943],[77.86386108398443,22.858720779418945],[77.84046173095697,22.865390777588004],[77.78946685791021,22.834770202636832],[77.7733383178711,22.793252944946403],[77.73486328125,22.76079940795904],[77.69419860839861,22.766710281372127],[77.66075897216825,22.734001159668026],[77.61503601074219,22.745340347290096],[77.5677261352539,22.672702789306868],[77.35932922363287,22.613550186157283],[77.3207168579101,22.566350936889762],[77.28650665283209,22.569580078125057],[77.25831604003935,22.611850738525618],[77.20862579345703,22.572849273681584],[77.15524291992193,22.587820053100586],[77.11862182617193,22.562091827392635],[77.1190719604495,22.602859497070426],[77.0816268920899,22.6290607452392],[77.08508300781256,22.656940460205192],[77.02659606933588,22.693679809570256],[77.03862762451172,22.709180831909407],[77.03263092041021,22.735849380493278],[77.01644897460966,22.740909576416016],[77.02410888671903,22.77876091003418],[77.00728607177746,22.79981994628929],[76.99651336669939,22.87375068664562],[76.9808959960938,22.883230209350586],[76.95738220214844,22.8666801452639],[76.94193267822266,22.883518218994254],[76.93470764160173,22.86995124816889],[76.92207336425776,22.87743949890148],[76.91861724853544,22.83162117004389],[76.9028930664063,22.836561203002987],[76.91478729248075,22.873291015625114],[76.89982604980469,22.866430282592717],[76.90598297119146,22.88218116760254],[76.88949584960955,22.875270843505916],[76.8939971923831,22.893749237060604],[76.88609313964844,22.884250640869197],[76.87500000000017,22.89591026306175],[76.87628936767607,22.876478195190487],[76.86100006103544,22.8899898529055],[76.85929107666044,22.87277984619135],[76.84632873535185,22.884218215942496],[76.8470306396485,22.870780944824446],[76.8052597045899,22.8664608001709],[76.7866592407226,22.837289810180778],[76.75959014892578,22.828371047973576],[76.7664871215822,22.820671081543082],[76.6906127929688,22.82491111755371],[76.70030212402361,22.796712875366268],[76.65277099609375,22.788511276245174],[76.63967895507818,22.809049606323242],[76.56653594970732,22.764169692993164],[76.54364013671903,22.80268096923851],[76.52655029296892,22.79958915710472],[76.51899719238293,22.8640193939209],[76.496078491211,22.895830154419002],[76.46218109130888,22.905130386352596],[76.44940948486357,22.93226051330572],[76.47109222412115,22.973680496215934],[76.44391632080078,22.989179611206282],[76.4676971435548,23.00335121154785],[76.44682312011736,23.027652740478743],[76.4600219726563,23.07493972778326],[76.4468612670899,23.09064865112316],[76.51364135742193,23.076480865478743],[76.51626586914068,23.09153747558588],[76.49330902099604,23.11001968383789],[76.53576660156256,23.132431030273438],[76.58706665039068,23.113428115844783],[76.62493896484392,23.14079093933111],[76.62876129150408,23.19965934753418],[76.64414215087919,23.202079772949446],[76.65503692626982,23.189710617065543],[76.68527221679693,23.195850372314453],[76.69785308837896,23.16060066223156],[76.7313385009765,23.14558029174816],[76.75147247314459,23.1578826904298],[76.74742889404297,23.185089111328182],[76.82760620117199,23.115200042724837],[76.87869262695318,23.12062835693365],[76.89614868164062,23.13656044006359],[76.8907089233399,23.20977973937994],[76.99048614501959,23.289142608642635],[76.9934921264649,23.402782440185547],[77.01539611816423,23.411151885986328],[77.04810333251964,23.484638214111385],[77.1461715698245,23.578090667724666],[77.15216064453142,23.614959716796875],[77.1358261108399,23.650520324707088],[77.17131805419933,23.68379020690918]]]}},{"type":"Feature","properties":{"ID_0":105,"ISO":"IND","NAME_0":"India","ID_1":20,"NAME_1":"Madhya Pradesh","ID_2":295,"NAME_2":"Seoni","NL_NAME_2":null,"VARNAME_2":null,"TYPE_2":"District","ENGTYPE_2":"District","district":"Seoni","ST_NM":"Madhya Pradesh"},"geometry":{"type":"Polygon","coordinates":[[[79.65567779541044,22.924570083618164],[79.74244689941435,22.919729232788143],[79.7383117675783,22.902210235595817],[79.76998138427751,22.880790710449162],[79.75389862060575,22.859170913696346],[79.760986328125,22.84564018249506],[79.8050613403322,22.870258331298828],[79.83705902099638,22.832099914550895],[79.88088226318365,22.86218070983898],[79.90170288085966,22.847629547119197],[79.9484100341798,22.85905075073265],[80.06037902832043,22.760080337524528],[80.09635162353516,22.77288055419922],[80.17833709716814,22.768030166626033],[80.20890045166021,22.80312156677246],[80.26203918457026,22.796129226684684],[80.28414916992216,22.727319717407227],[80.23348236084001,22.718240737915266],[80.22978210449247,22.677629470825252],[80.18889617919928,22.65345954895031],[80.20947265625006,22.63035964965843],[80.19219970703153,22.608011245727596],[80.145980834961,22.603620529174805],[80.1063079833985,22.628820419311523],[80.02953338623041,22.608709335327262],[80.00193786621094,22.579982757568416],[79.94738006591814,22.558610916137752],[80.02538299560564,22.544189453125],[80.01947021484392,22.505151748657227],[80.08677673339861,22.425140380859375],[80.06418609619152,22.37786102294922],[80.09472656250028,22.337511062622127],[80.07617950439459,22.29980087280279],[80.09185028076183,22.250270843505973],[80.02842712402361,22.18283081054699],[80.06344604492216,22.07740974426281],[79.9986114501956,22.08349037170416],[79.92295837402361,22.062942504882812],[79.9176101684572,21.97157096862793],[79.8574829101562,21.967090606689453],[79.83235931396501,21.939899444580305],[79.88625335693388,21.929529190063533],[79.86464691162115,21.899740219116325],[79.83502197265642,21.904380798339957],[79.83471679687506,21.88528060913086],[79.81259155273443,21.86963081359869],[79.77591705322266,21.86342048645031],[79.78919219970732,21.84400177001953],[79.76319122314459,21.807510375976506],[79.68615722656261,21.800291061401367],[79.67566680908214,21.74556159973156],[79.65148925781244,21.734699249267692],[79.66800689697271,21.695520401001204],[79.59506225585955,21.70889282226574],[79.60443115234392,21.68656158447277],[79.58232879638678,21.65615081787115],[79.58896636962908,21.6443710327149],[79.53501892089844,21.627149581909237],[79.53639984130865,21.604890823364315],[79.50582122802751,21.590280532837028],[79.49819183349626,21.612369537353516],[79.51161956787115,21.631130218505973],[79.488578796387,21.674121856689453],[79.4157791137697,21.691448211669865],[79.39473724365263,21.674591064453125],[79.34902191162126,21.678890228271484],[79.21909332275385,21.719650268554688],[79.22622680664068,21.760259628295955],[79.27990722656278,21.77946090698248],[79.28824615478521,21.81098175048828],[79.27162170410162,21.835960388183594],[79.3223724365235,21.919380187988338],[79.34262084960943,21.92522048950201],[79.33640289306635,21.9537296295166],[79.36840820312528,21.973030090332145],[79.37023925781256,21.993009567260856],[79.39118957519548,21.992580413818473],[79.40270996093756,22.041891098022404],[79.38410186767578,22.044040679931868],[79.37165069580107,22.085371017455998],[79.38716888427751,22.10373115539562],[79.35031127929716,22.134399414062614],[79.31978607177763,22.226270675659293],[79.33045959472685,22.242151260376033],[79.36036682128912,22.222879409790096],[79.3577117919923,22.265441894531364],[79.33779144287126,22.286661148071403],[79.29915618896496,22.29173088073742],[79.28095245361345,22.31648254394537],[79.34790802001953,22.35147094726574],[79.33805084228521,22.386449813843],[79.31240081787126,22.3950710296632],[79.27929687500006,22.377300262451286],[79.29300689697271,22.416749954223746],[79.33090209960955,22.425060272216797],[79.32923889160162,22.444969177246094],[79.31806182861357,22.435499191284237],[79.26020812988287,22.455482482910156],[79.23079681396484,22.448881149292106],[79.21865081787115,22.425790786743164],[79.19370269775419,22.450138092041072],[79.23149108886713,22.47548103332531],[79.3390426635745,22.48779106140148],[79.31511688232428,22.54120826721197],[79.36812591552734,22.601409912109375],[79.31949615478521,22.61791038513178],[79.38622283935564,22.673400878906364],[79.40688323974615,22.724420547485295],[79.46351623535162,22.743061065673885],[79.46640014648443,22.72599983215332],[79.50755310058594,22.722209930419922],[79.51036834716797,22.777790069580305],[79.53814697265636,22.819969177246094],[79.6188201904298,22.8757781982423],[79.61575317382818,22.90476989746105],[79.57752990722673,22.94433975219738],[79.61650085449224,22.95726013183588],[79.65567779541044,22.924570083618164]]]}},{"type":"Feature","properties":{"ID_0":105,"ISO":"IND","NAME_0":"India","ID_1":20,"NAME_1":"Madhya Pradesh","ID_2":296,"NAME_2":"Shahdol","NL_NAME_2":null,"VARNAME_2":"Sahdol","TYPE_2":"District","ENGTYPE_2":"District","district":"Shahdol","ST_NM":"Madhya Pradesh"},"geometry":{"type":"Polygon","coordinates":[[[81.46279907226568,24.263561248779297],[81.47566986084013,24.203020095825195],[81.46456909179699,24.179340362548885],[81.494857788086,24.16369247436529],[81.47843170166021,24.150440216064453],[81.50263214111345,24.116859436035213],[81.50229644775396,24.0884304046632],[81.55177307128935,24.078531265258846],[81.47550964355469,24.0365505218507],[81.50560760498075,24.02361106872553],[81.50116729736334,23.982692718505916],[81.52890014648432,23.98431968688959],[81.54734039306652,23.96277809143089],[81.53244781494146,23.947370529174805],[81.53765869140653,23.914339065551985],[81.6148529052735,23.872770309448242],[81.5973892211914,23.861940383911246],[81.60582733154297,23.838209152221793],[81.62811279296892,23.83432960510254],[81.63965606689464,23.771129608154354],[81.67408752441423,23.753971099853743],[81.68728637695318,23.721349716186523],[81.64312744140653,23.66033172607422],[81.61324310302751,23.660980224609432],[81.60267639160185,23.60003280639654],[81.56973266601562,23.588649749755973],[81.57707214355474,23.554889678955192],[81.605697631836,23.550489425659237],[81.60521697998064,23.510889053344727],[81.628227233887,23.49036979675293],[81.65453338623058,23.53155136108404],[81.69309234619169,23.523340225219783],[81.73603057861322,23.567430496215934],[81.80461883544928,23.54581069946289],[81.82717895507841,23.51128959655773],[81.91375732421903,23.533758163452262],[81.94893646240251,23.49674034118658],[81.94761657714861,23.471630096435547],[81.97508239746111,23.43184089660656],[81.96272277832037,23.37165069580101],[81.93253326416033,23.385049819946516],[81.92611694335943,23.35117149353033],[81.86882781982439,23.29833984375],[81.84780883789057,23.31965065002447],[81.81281280517584,23.308320999145508],[81.85665893554693,23.27728080749506],[81.87567901611345,23.239700317382926],[81.78148651123064,23.26032066345215],[81.74845886230486,23.21356010437006],[81.66577148437506,23.21428108215332],[81.64282226562517,23.194969177246094],[81.60642242431646,23.197998046875],[81.62420654296886,23.23091125488287],[81.58365631103516,23.22767066955572],[81.56246948242182,23.211111068725586],[81.59461212158209,23.193941116333065],[81.58981323242193,23.17146110534668],[81.53109741210943,23.118579864501953],[81.54648590087908,23.090539932251033],[81.60972595214872,23.064060211181697],[81.60199737548845,23.038129806518555],[81.55214691162138,23.0187606811524],[81.58946990966803,23.01991271972662],[81.61966705322294,22.998189926147575],[81.6405868530274,23.01365089416504],[81.68651580810553,22.93975830078125],[81.78592681884771,22.877080917358512],[81.76940155029325,22.87350845336914],[81.76085662841814,22.834339141845646],[81.78427886962919,22.76662063598627],[81.74661254882818,22.726488113403434],[81.76597595214838,22.676120758056697],[81.74893188476568,22.646070480346737],[81.72294616699224,22.676210403442383],[81.73182678222685,22.68910026550293],[81.68699645996122,22.713439941406307],[81.69653320312528,22.7460994720459],[81.68489837646513,22.779100418090877],[81.63861083984392,22.784179687500227],[81.58970642089872,22.758060455322266],[81.52253723144537,22.750850677490234],[81.50212860107428,22.76450157165533],[81.46881866455072,22.759679794311523],[81.39897155761747,22.851390838623104],[81.35343933105469,22.84991073608404],[81.19174194335938,22.914381027221737],[81.181396484375,22.951971054077205],[81.20313262939453,23.01724052429205],[81.22421264648443,23.05908012390131],[81.24785614013678,23.054229736328125],[81.25627899169933,23.070970535278434],[81.23551177978544,23.110258102416992],[81.20643615722662,23.118701934814567],[81.2075500488283,23.139499664306754],[81.18756866455084,23.131282806396598],[81.1746215820313,23.154661178588867],[81.18506622314453,23.167360305786133],[81.15373229980469,23.166690826416072],[81.11756134033209,23.217821121215934],[81.08677673339838,23.210840225219727],[81.09835052490246,23.230541229248047],[81.07962036132818,23.233379364013672],[81.09825897216814,23.25508117675787],[81.06426239013666,23.252370834350643],[81.04818725585949,23.260177612304688],[81.05068969726591,23.276620864868164],[81.03557586669928,23.27316856384283],[81.03534698486334,23.34468269348156],[80.99832916259783,23.37486076354986],[81.01637268066435,23.425420761108512],[81.0087966918947,23.444360733032454],[81.13878631591808,23.462200164795036],[81.13938140869169,23.486949920654524],[81.1691131591798,23.503681182861328],[81.15455627441412,23.53442001342779],[81.19631195068376,23.57838821411127],[81.21037292480463,23.643951416015625],[81.23274230957048,23.647430419921932],[81.22152709960943,23.681301116943587],[81.24054718017595,23.72096824645996],[81.20652770996122,23.747182846069393],[81.17472839355486,23.808120727539176],[81.18473815917974,23.8227996826173],[81.26161956787121,23.841030120849553],[81.24571228027361,23.85779190063488],[81.21750640869146,23.855880737304688],[81.19851684570341,23.884941101074276],[81.16275024414062,23.883661270141715],[81.15450286865234,23.898809432983455],[81.16961669921875,23.915370941162223],[81.13315582275408,23.92724990844721],[81.1199493408206,23.971630096435604],[81.0622329711914,23.968469619750977],[80.99462127685575,24.087831497192383],[81.13926696777361,24.139400482177734],[81.19358062744135,24.112440109252987],[81.21943664550787,24.132080078125057],[81.21732330322271,24.155530929565487],[81.2716369628908,24.189371109009016],[81.35298919677746,24.20070075988781],[81.3828964233399,24.26752090454096],[81.4369430541995,24.261810302734602],[81.4495391845706,24.28489112854004],[81.46279907226568,24.263561248779297]]]}},{"type":"Feature","properties":{"ID_0":105,"ISO":"IND","NAME_0":"India","ID_1":20,"NAME_1":"Madhya Pradesh","ID_2":297,"NAME_2":"Shajapur","NL_NAME_2":null,"VARNAME_2":null,"TYPE_2":"District","ENGTYPE_2":"District","district":"Shajapur","ST_NM":"Madhya Pradesh"},"geometry":{"type":"Polygon","coordinates":[[[76.23512268066412,24.105182647705192],[76.20121765136724,24.103790283203125],[76.21280670166021,24.059360504150447],[76.26790618896501,24.052640914916992],[76.27617645263678,24.00696945190424],[76.25277709960966,23.98522758483898],[76.30004882812528,23.966199874877873],[76.31265258789091,23.930660247802848],[76.2969360351563,23.90139961242687],[76.32488250732416,23.889841079711914],[76.32872009277344,23.867610931396484],[76.35520172119169,23.85354042053234],[76.35890197753906,23.819271087646598],[76.38146972656256,23.81291961669922],[76.37555694580084,23.77289962768566],[76.39478302001959,23.766050338745174],[76.40970611572277,23.723180770874137],[76.40074157714855,23.67840003967308],[76.46160888671903,23.59836006164562],[76.43720245361357,23.607179641723633],[76.43567657470732,23.549999237060547],[76.50354003906256,23.51516914367687],[76.4891662597658,23.53803062438965],[76.5125274658206,23.535749435424805],[76.50226593017572,23.568000793456974],[76.5277862548831,23.576490402221793],[76.58030700683611,23.552152633666992],[76.60006713867199,23.565191268921126],[76.65725708007818,23.539730072021484],[76.65676879882807,23.503240585327262],[76.69227600097673,23.490882873535213],[76.75933837890653,23.500730514526595],[76.79396057128923,23.459781646728516],[76.81661224365234,23.488531112670955],[76.87616729736345,23.50044822692871],[76.89228057861357,23.526491165161133],[76.91662597656256,23.519510269165266],[76.90731811523443,23.499380111694393],[76.93524932861328,23.47589111328125],[76.97126007080107,23.509180068969727],[77.04810333251964,23.484638214111385],[77.01539611816423,23.411151885986328],[76.9934921264649,23.402782440185547],[76.99048614501959,23.289142608642635],[76.94140625,23.239110946655387],[76.9063568115235,23.234489440918026],[76.8907089233399,23.20977973937994],[76.89614868164062,23.13656044006359],[76.86102294921903,23.109060287475586],[76.8048706054688,23.127819061279354],[76.75463867187517,23.18330192565918],[76.74114227294928,23.1805095672608],[76.7440032958985,23.145908355713118],[76.69785308837896,23.16060066223156],[76.67607879638689,23.199590682983512],[76.62876129150408,23.19965934753418],[76.62493896484392,23.14079093933111],[76.58706665039068,23.113428115844783],[76.53576660156256,23.132431030273438],[76.50637817382818,23.182622909546012],[76.42341613769537,23.194660186767578],[76.40680694580084,23.220928192138786],[76.37592315673834,23.230390548706055],[76.27968597412104,23.230960845947322],[76.24521636962908,23.216560363769588],[76.13475799560564,23.2312526702882],[76.11138153076178,23.24492263793951],[76.12751007080095,23.281829833984432],[76.1722259521485,23.268800735473633],[76.20115661621111,23.345651626586857],[76.22168731689482,23.33951950073248],[76.24790191650396,23.356389999389762],[76.24221038818365,23.391731262207145],[76.20648956298845,23.38976097106945],[76.19538116455072,23.427959442138672],[76.20807647705084,23.45483970642084],[76.1918029785158,23.471181869506893],[76.24755096435553,23.51385116577154],[76.22106170654303,23.533781051635856],[76.1938705444336,23.50275993347168],[76.15370941162115,23.50863265991211],[76.17159271240251,23.554410934448185],[76.15891265869169,23.578798294067383],[76.11070251464844,23.54858016967779],[76.08618927001959,23.579790115356673],[76.01589202880854,23.563800811767635],[75.99462890625006,23.58479118347168],[75.94555664062517,23.55701065063488],[75.90502929687511,23.57316970825201],[75.87652587890642,23.56225013732916],[75.8478317260745,23.577039718627987],[75.8100967407226,23.662429809570312],[75.8437271118164,23.692840576172102],[75.84317016601568,23.73341941833519],[75.82695007324224,23.735782623291016],[75.82071685791027,23.70124053955101],[75.75099945068376,23.729421615600813],[75.7265930175783,23.76156997680664],[75.68947601318365,23.750869750976676],[75.69866943359403,23.791839599609602],[75.68740081787121,23.81925010681175],[75.71784973144537,23.819032669067496],[75.7291107177735,23.85820960998535],[75.69812774658197,23.877107620239258],[75.7023315429687,23.904050827026367],[75.74974822998053,23.890020370483626],[75.76162719726591,23.856889724731445],[75.77706146240263,23.853870391845703],[75.79421997070341,23.87430953979498],[75.85341644287126,23.89420127868658],[75.87861633300798,23.884559631347713],[75.93180847167986,23.901939392089957],[75.98092651367193,23.943019866943416],[75.96018218994169,24.025369644165096],[76.00213623046903,24.035230636596793],[76.04695892334013,24.075670242309627],[76.1346969604495,24.095289230346793],[76.12132263183605,24.19639015197754],[76.15445709228521,24.243761062622127],[76.14301300048834,24.285289764404297],[76.16922760009794,24.296091079711857],[76.18548583984392,24.331510543823242],[76.2062301635745,24.310920715331974],[76.19465637207048,24.284799575805778],[76.22422790527361,24.15709114074707],[76.24518585205095,24.152309417724553],[76.22531890869135,24.120479583740234],[76.23512268066412,24.105182647705192]]]}},{"type":"Feature","properties":{"ID_0":105,"ISO":"IND","NAME_0":"India","ID_1":20,"NAME_1":"Madhya Pradesh","ID_2":298,"NAME_2":"Sheopur","NL_NAME_2":null,"VARNAME_2":"Sheopur Kala","TYPE_2":"District","ENGTYPE_2":"District","district":"Sheopur","ST_NM":"Madhya Pradesh"},"geometry":{"type":"Polygon","coordinates":[[[77.14055633544928,26.195068359375057],[77.13022613525408,26.17966079711914],[77.13948822021513,26.16827964782715],[77.17301177978521,26.178279876709098],[77.2001266479495,26.111030578613395],[77.22717285156256,26.08538055419922],[77.26857757568365,26.129890441894588],[77.39389038085943,26.15794944763178],[77.5731811523438,26.018140792846623],[77.60571289062517,26.046501159668026],[77.59765624999994,26.07636070251465],[77.65582275390653,26.10484123229986],[77.66129302978521,26.075069427490348],[77.62848663330084,26.071409225463867],[77.6076431274414,26.03549957275402],[77.61538696289091,26.017681121826286],[77.64163208007818,26.014160156250114],[77.64060211181658,25.969631195068303],[77.59308624267572,25.96528053283697],[77.5586776733399,25.937290191650447],[77.53116607666021,25.945890426635742],[77.54206085205084,25.908470153808707],[77.59214782714844,25.92354965209961],[77.64945983886724,25.916448593139762],[77.6306533813476,25.872861862182617],[77.57479095458984,25.8660507202149],[77.57508087158209,25.82603263854992],[77.55105590820318,25.819200515747298],[77.53785705566412,25.840990066528434],[77.46750640869146,25.866090774536133],[77.4352111816408,25.896749496460018],[77.40133666992199,25.88791084289562],[77.40310668945307,25.816432952880973],[77.43663787841825,25.783178329467773],[77.32240295410185,25.797229766845703],[77.31031799316412,25.73841094970703],[77.27025604248053,25.724781036376953],[77.31568145751959,25.6737899780274],[77.26573944091825,25.6801815032959],[77.24697875976568,25.664880752563533],[77.27591705322283,25.635391235351562],[77.25020599365234,25.59295082092285],[77.265121459961,25.588199615478516],[77.2660522460938,25.56557273864746],[77.29650115966797,25.56215095520031],[77.29384613037126,25.547491073608455],[77.17230987548857,25.514631271362305],[77.17901611328125,25.471160888671818],[77.13555908203142,25.46288108825695],[77.14554595947271,25.42770957946783],[77.09966278076172,25.41518020629877],[77.09571075439453,25.388820648193473],[77.01030731201178,25.387317657470646],[77.00660705566423,25.358070373535156],[77.07491302490251,25.350349426269588],[77.06346130371111,25.32415008544922],[77.039360046387,25.32505035400385],[77.02419281005865,25.30109024047863],[76.95874023437517,25.297180175781364],[76.9527206420899,25.278551101684513],[76.93393707275408,25.275901794433594],[76.92920684814459,25.297298431396428],[76.89322662353527,25.32240104675293],[76.84297943115251,25.330541610717717],[76.77009582519548,25.312191009521484],[76.76673126220709,25.336231231689453],[76.68107604980474,25.34547996520996],[76.60254669189464,25.388980865478572],[76.52259826660162,25.52429008483898],[76.51473236083984,25.633678436279354],[76.49942779541016,25.64834022521984],[76.51080322265636,25.67283821105957],[76.47778320312506,25.695060729980582],[76.48239135742216,25.718130111694336],[76.53061676025396,25.733970642089957],[76.5226593017581,25.774341583251953],[76.53549194335955,25.8091716766358],[76.59272766113298,25.874168395996037],[76.63168334960943,25.875240325927734],[76.6461257934572,25.90885162353527],[76.73332977294928,25.902549743652457],[76.76241302490263,25.922069549560604],[76.755912780762,25.941690444946403],[76.80631256103516,25.95297813415533],[76.84024047851591,26.011289596557617],[76.8304061889649,26.029590606689453],[76.87042236328142,26.056449890136776],[76.88777923584001,26.093322753906193],[76.98603820800781,26.132352828979606],[77.03473663330084,26.181930541992415],[77.0916824340822,26.1908798217774],[77.10938262939447,26.225072860717717],[77.14055633544928,26.195068359375057]]]}},{"type":"Feature","properties":{"ID_0":105,"ISO":"IND","NAME_0":"India","ID_1":20,"NAME_1":"Madhya Pradesh","ID_2":299,"NAME_2":"Shivpuri","NL_NAME_2":null,"VARNAME_2":"Narwar","TYPE_2":"District","ENGTYPE_2":"District","district":"Shivpuri","ST_NM":"Madhya Pradesh"},"geometry":{"type":"Polygon","coordinates":[[[77.70140838623075,25.884471893310604],[77.738578796387,25.887670516967717],[77.73921203613298,25.868320465088004],[77.77577972412138,25.861101150512695],[77.79598236084013,25.825700759887752],[77.85595703125017,25.81443023681652],[77.87180328369158,25.743721008300724],[77.99133300781244,25.770910263061637],[77.98879241943365,25.74579048156744],[78.03513336181646,25.71870994567871],[78.15158843994158,25.724170684814396],[78.27368164062517,25.786399841308707],[78.27379608154325,25.755500793457145],[78.2217407226562,25.730831146240178],[78.20915222167963,25.704589843750114],[78.24238586425798,25.696720123291016],[78.24051666259771,25.72006988525385],[78.25315093994146,25.7243595123291],[78.27601623535162,25.70685005187994],[78.30078887939459,25.709808349609375],[78.32829284667974,25.669309616088867],[78.36850738525396,25.66612052917486],[78.3816528320313,25.61280822753912],[78.40306854248053,25.603410720825195],[78.39050292968778,25.575740814209098],[78.43724060058622,25.599821090698356],[78.46042633056646,25.589740753173828],[78.45661926269537,25.569129943847713],[78.447563171387,25.57958030700695],[78.40997314453153,25.537719726562443],[78.42072296142595,25.477619171142635],[78.3773803710937,25.44837951660162],[78.3475875854495,25.454839706421012],[78.33248901367193,25.40455055236839],[78.2942276000976,25.367620468139705],[78.33129119873047,25.33671951293951],[78.30802917480474,25.310989379882812],[78.34516143798828,25.297941207885742],[78.36222076416021,25.265430450439567],[78.35453033447283,25.246080398559684],[78.397758483887,25.217750549316463],[78.38536071777372,25.195159912109318],[78.44645690917986,25.169021606445256],[78.4182968139649,25.153499603271484],[78.44291687011724,25.128770828247127],[78.39531707763666,25.130527496337947],[78.32776641845732,25.08876991271967],[78.3380661010745,25.02733993530279],[78.32753753662115,24.99955940246582],[78.16535949707037,24.88174057006836],[78.16187286376953,24.84484100341797],[78.10565185546875,24.840070724487532],[78.04270172119158,24.860761642455998],[78.01545715332037,24.840810775756893],[77.99172973632812,24.855512619018782],[77.96766662597685,24.849830627441463],[77.97619628906256,24.917280197143555],[78.01074981689482,24.958019256591797],[77.9567260742188,24.970100402831974],[77.94595336914062,24.991270065307617],[77.90693664550787,24.987108230590763],[77.87914276123075,25.011131286621094],[77.82013702392584,25.00453948974615],[77.79212188720709,24.938011169433707],[77.7298583984375,24.862871170044002],[77.66736602783209,24.870210647583008],[77.6046600341798,24.932279586791935],[77.58683013916033,24.93083000183111],[77.58238983154325,24.96772003173851],[77.53682708740234,24.91613006591797],[77.54322814941412,24.900810241699332],[77.58141326904325,24.893529891967887],[77.55726623535173,24.875972747802678],[77.47476196289068,24.87914276123047],[77.45604705810553,24.93168067932129],[77.39879608154303,24.951860427856445],[77.38285064697294,24.93083000183111],[77.36400604248041,24.931840896606445],[77.3026428222658,25.076480865478516],[77.3866729736331,25.12195968627941],[77.39852905273432,25.11327171325695],[77.39070892333979,25.18819046020502],[77.41799163818354,25.193029403686523],[77.4064025878908,25.226291656494254],[77.349662780762,25.271770477294922],[77.37480163574224,25.30585098266613],[77.36376190185558,25.333000183105526],[77.33641815185547,25.325580596923828],[77.35604095459001,25.367889404296932],[77.34426116943365,25.38792991638195],[77.3543472290039,25.424022674560604],[77.30529785156267,25.43641090393072],[77.28298187255876,25.423589706421012],[77.22026062011719,25.37342834472662],[77.21502685546903,25.324501037597656],[77.19815826416021,25.33052062988287],[77.20514678955078,25.311429977417106],[77.0754699707033,25.33969116210949],[77.07242584228533,25.35773086547863],[77.03687286376982,25.346740722656364],[77.00660705566423,25.358070373535156],[77.01030731201178,25.387317657470646],[77.08991241455107,25.38618087768549],[77.10489654541021,25.397951126098576],[77.09966278076172,25.41518020629877],[77.14244842529303,25.423500061035156],[77.13555908203142,25.46288108825695],[77.17901611328125,25.471160888671818],[77.17230987548857,25.514631271362305],[77.28849792480469,25.53947067260748],[77.29650115966797,25.56215095520031],[77.2660522460938,25.56557273864746],[77.265121459961,25.588199615478516],[77.25020599365234,25.59295082092285],[77.27591705322283,25.635391235351562],[77.24697875976568,25.664880752563533],[77.26573944091825,25.6801815032959],[77.31568145751959,25.6737899780274],[77.27025604248053,25.724781036376953],[77.31031799316412,25.73841094970703],[77.32240295410185,25.797229766845703],[77.43663787841825,25.783178329467773],[77.40310668945307,25.816432952880973],[77.40133666992199,25.88791084289562],[77.4352111816408,25.896749496460018],[77.46750640869146,25.866090774536133],[77.53785705566412,25.840990066528434],[77.55105590820318,25.819200515747298],[77.57508087158209,25.82603263854992],[77.57479095458984,25.8660507202149],[77.6306533813476,25.872861862182617],[77.64945983886724,25.916448593139762],[77.67864227294928,25.918790817260742],[77.70140838623075,25.884471893310604]]]}},{"type":"Feature","properties":{"ID_0":105,"ISO":"IND","NAME_0":"India","ID_1":20,"NAME_1":"Madhya Pradesh","ID_2":300,"NAME_2":"Sidhi","NL_NAME_2":null,"VARNAME_2":null,"TYPE_2":"District","ENGTYPE_2":"District","district":"Sidhi","ST_NM":"Madhya Pradesh"},"geometry":{"type":"Polygon","coordinates":[[[82.44480895996088,24.680089950561637],[82.51843261718744,24.678340911865348],[82.52926635742216,24.651960372924805],[82.6655502319336,24.6998615264892],[82.69595336914074,24.675720214843807],[82.69518280029308,24.64425277709961],[82.76278686523455,24.645669937133903],[82.76007843017607,24.59981918334961],[82.79637145996111,24.59976005554205],[82.80076599121111,24.55268096923851],[82.74601745605486,24.54152107238781],[82.74120330810541,24.554590225219727],[82.71253204345709,24.55621910095215],[82.71563720703153,24.513299942016715],[82.73654937744146,24.499771118164062],[82.72377014160162,24.47632980346691],[82.73271179199224,24.43274116516119],[82.70716094970709,24.38517951965332],[82.71849822998075,24.371221542358455],[82.7605819702149,24.37304115295416],[82.76413726806658,24.292430877685604],[82.74991607666021,24.2361297607423],[82.72699737548834,24.2232608795166],[82.73613739013678,24.16835021972679],[82.72036743164074,24.138990402221793],[82.67085266113298,24.158470153808707],[82.65738677978521,24.134798049926815],[82.70839691162104,24.08076095581066],[82.7662582397461,24.077867507934684],[82.74199676513689,24.021400451660156],[82.79727172851591,24.00514030456543],[82.8077774047851,23.963058471679688],[82.74810028076189,23.92228126525879],[82.65651702880854,23.907861709594783],[82.65335845947271,23.85778045654297],[82.58598327636736,23.822860717773438],[82.52735137939482,23.82407951354992],[82.540267944336,23.791200637817326],[82.49175262451189,23.785707473754883],[82.46002197265653,23.811399459838867],[82.32823181152372,23.803670883178825],[82.25528717041021,23.821889877319336],[82.22614288330084,23.806932449340877],[82.19925689697271,23.831920623779297],[82.20388793945341,23.85299110412609],[82.16240692138678,23.81995964050293],[82.04540252685541,23.8205890655517],[82.00073242187528,23.863140106201286],[81.95070648193365,23.852890014648494],[81.91644287109403,23.872989654541243],[81.85293579101591,23.824319839477596],[81.78266143798834,23.81184005737316],[81.71906280517572,23.8404293060305],[81.72300720214855,23.858980178833008],[81.70268249511736,23.863399505615234],[81.66159820556652,23.925598144531364],[81.596908569336,23.889022827148438],[81.54096221923845,23.912330627441406],[81.53244781494146,23.947370529174805],[81.54734039306652,23.96277809143089],[81.52890014648432,23.98431968688959],[81.50116729736334,23.982692718505916],[81.50560760498075,24.02361106872553],[81.47426605224615,24.039569854736442],[81.51187133789074,24.04668998718256],[81.55177307128935,24.078531265258846],[81.50229644775396,24.0884304046632],[81.50263214111345,24.116859436035213],[81.47843170166021,24.150440216064453],[81.494857788086,24.16369247436529],[81.46456909179699,24.179340362548885],[81.47464752197271,24.23904991149908],[81.46131896972668,24.271520614624137],[81.4495391845706,24.28489112854004],[81.4369430541995,24.261810302734602],[81.37845611572283,24.269861221313704],[81.34406280517607,24.256919860839957],[81.34194183349638,24.289880752563533],[81.2983474731447,24.32522010803234],[81.50720214843767,24.43180084228527],[81.68942260742193,24.50341033935547],[81.72850799560553,24.514739990234432],[81.738090515137,24.49842071533203],[81.89121246337896,24.53111076354992],[81.88768768310547,24.555850982666072],[81.92035675048834,24.57232093811035],[81.94296264648466,24.576139450073356],[81.94696807861357,24.549640655517578],[82.05342102050776,24.57880020141596],[82.06217956542997,24.60342025756836],[82.1223373413086,24.595670700073242],[82.17745971679688,24.610849380493164],[82.17101287841803,24.621839523315487],[82.26655578613287,24.595649719238395],[82.32977294921903,24.62375068664562],[82.36084747314482,24.602001190185604],[82.40917205810564,24.597829818725813],[82.401596069336,24.683799743652287],[82.4323120117188,24.706281661987305],[82.44480895996088,24.680089950561637]]]}},{"type":"Feature","properties":{"ID_0":105,"ISO":"IND","NAME_0":"India","ID_1":20,"NAME_1":"Madhya Pradesh","ID_2":301,"NAME_2":"Tikamgarh","NL_NAME_2":null,"VARNAME_2":null,"TYPE_2":"District","ENGTYPE_2":"District","district":"Tikamgarh","ST_NM":"Madhya Pradesh"},"geometry":{"type":"Polygon","coordinates":[[[78.88553619384783,25.560770034790096],[78.91036987304693,25.559339523315487],[78.91683959960955,25.54129028320324],[78.92568206787115,25.559957504272575],[78.94168853759771,25.55144119262701],[78.94188690185553,25.53115081787132],[78.91638183593778,25.520750045776367],[78.93563842773466,25.48002052307129],[78.90322875976591,25.4469375610351],[78.92913055419933,25.428329467773494],[78.96012878417986,25.438890457153377],[78.97850799560553,25.37601280212408],[78.92862701416016,25.351800918579045],[78.89245605468756,25.375297546386776],[78.93113708496111,25.377122879028434],[78.94935607910185,25.400159835815373],[78.87474822998053,25.38765907287592],[78.83773803710943,25.3521728515625],[78.84350585937528,25.332361221313477],[78.78328704833984,25.303180694580192],[78.81167602539091,25.299840927124023],[78.80562591552751,25.270931243896598],[78.84175109863287,25.229160308838004],[78.87242889404303,25.28820991516119],[78.85643768310553,25.316959381103516],[78.876518249512,25.34445953369152],[78.91886901855497,25.345991134643498],[78.92761230468778,25.3317108154298],[78.9557723999024,25.347761154174805],[78.95279693603544,25.31187820434576],[78.97004699707048,25.28520965576172],[78.9475402832033,25.283700942993107],[78.94061279296903,25.262689590454215],[78.90859985351562,25.27436065673828],[78.89169311523443,25.24546051025402],[78.87587738037115,25.255769729614485],[78.87393188476562,25.16327095031761],[78.94834136962896,25.220180511474666],[78.99581146240234,25.195938110351562],[78.99466705322266,25.233749389648438],[78.97116851806658,25.244920730590877],[78.9867706298831,25.274959564209098],[79.00496673583984,25.276969909668082],[79.01212310791044,25.248249053955192],[79.05644226074236,25.225709915161246],[79.02459716796892,25.186571121215934],[79.03578186035185,25.17390060424799],[79.02176666259771,25.143190383911133],[79.04305267333979,25.138170242309513],[79.08429718017595,25.19252967834467],[79.1204223632813,25.164180755615234],[79.10781097412115,25.143699645996094],[79.12917327880865,25.1107692718507],[79.1793060302735,25.117692947387752],[79.16677856445324,25.142349243164062],[79.18485260009771,25.151132583618278],[79.20638275146484,25.11376190185547],[79.23966979980497,25.117839813232422],[79.2435302734375,25.140790939331055],[79.21391296386747,25.148380279541016],[79.22518157959013,25.158170700073242],[79.25599670410162,25.15728187561035],[79.25807952880865,25.12401962280296],[79.27654266357439,25.12026023864769],[79.31388854980463,25.15096092224144],[79.33715820312494,25.08074951171875],[79.32425689697266,25.05047988891596],[79.34194946289062,24.90520286560053],[79.30069732666044,24.81002807617199],[79.3138275146485,24.744398117065373],[79.29646301269537,24.689138412475586],[79.2722625732423,24.66905021667492],[79.21235656738287,24.665800094604606],[79.18596649169939,24.616769790649414],[79.05973052978521,24.627460479736328],[79.06405639648455,24.597562789916992],[79.01107788085943,24.539520263672102],[78.97183227539068,24.444732666015682],[78.94439697265653,24.44325828552246],[78.902641296387,24.47837066650385],[78.91757965087908,24.50251007080101],[78.93071746826172,24.484540939331282],[78.96639251708984,24.4969482421875],[78.94416809082037,24.509508132934513],[78.94465637207048,24.55620956420921],[78.87306976318388,24.64694976806652],[78.82878112792974,24.60781097412115],[78.77690124511724,24.59309005737316],[78.7494659423831,24.604980468750114],[78.74006652832037,24.659959793090934],[78.77239227294916,24.704141616821346],[78.76454925537138,24.794992446899528],[78.78054046630871,24.81497192382824],[78.76448059082037,24.861368179321403],[78.66839599609386,24.902399063110465],[78.65371704101591,24.944219589233455],[78.64050292968756,24.940362930297965],[78.62204742431652,24.964900970458984],[78.64192962646479,25.0614910125733],[78.59716796875017,25.097871780395565],[78.59371185302751,25.15739059448248],[78.56149291992205,25.2274494171142],[78.56437683105474,25.265211105346907],[78.49668121337896,25.293859481811637],[78.4540328979495,25.270601272583008],[78.42736053466791,25.2886714935305],[78.44059753417974,25.3041610717774],[78.46705627441423,25.29301071167015],[78.49217224121122,25.323829650878963],[78.5002517700197,25.30413055419922],[78.52507781982422,25.306529998779354],[78.54145812988298,25.32659912109375],[78.52514648437511,25.363012313842773],[78.57621765136724,25.35193061828619],[78.56112670898438,25.395692825317383],[78.58834075927729,25.39211273193365],[78.60349273681646,25.417070388793945],[78.62858581542963,25.406461715698242],[78.63365936279303,25.43806076049799],[78.65271759033209,25.444000244140682],[78.68576049804716,25.447790145874137],[78.70140075683622,25.428859710693473],[78.66909027099615,25.40388107299816],[78.65651702880865,25.420129776000977],[78.65789031982428,25.387979507446346],[78.70903015136747,25.378749847412053],[78.71362304687528,25.3529891967774],[78.76438140869135,25.35840034484869],[78.75962066650385,25.402070999145735],[78.74156188964844,25.398580551147575],[78.74314117431646,25.412700653076115],[78.81291198730474,25.430427551269588],[78.78945159912115,25.44202041625988],[78.75506591796892,25.433851242065487],[78.72464752197271,25.463308334350586],[78.73175048828153,25.500650405883846],[78.7565460205081,25.476150512695312],[78.78952789306669,25.483512878418082],[78.82985687255876,25.46569061279297],[78.84574890136724,25.454389572143555],[78.81387329101568,25.446308135986328],[78.83426666259771,25.432460784912166],[78.85717010498053,25.46714019775385],[78.82832336425798,25.509981155395508],[78.8760070800783,25.524320602416935],[78.8690032958985,25.551160812378043],[78.88553619384783,25.560770034790096]]]}},{"type":"Feature","properties":{"ID_0":105,"ISO":"IND","NAME_0":"India","ID_1":20,"NAME_1":"Madhya Pradesh","ID_2":302,"NAME_2":"Ujjain","NL_NAME_2":null,"VARNAME_2":null,"TYPE_2":"District","ENGTYPE_2":"District","district":"Ujjain","ST_NM":"Madhya Pradesh"},"geometry":{"type":"Polygon","coordinates":[[[75.73073577880888,23.75592041015625],[75.75099945068376,23.729421615600813],[75.82071685791027,23.70124053955101],[75.82695007324224,23.735782623291016],[75.84317016601568,23.73341941833519],[75.8437271118164,23.692840576172102],[75.8100967407226,23.662429809570312],[75.85027313232428,23.573911666870117],[75.87652587890642,23.56225013732916],[75.9168319702149,23.571180343628043],[75.93405151367216,23.55643272399908],[75.99462890625006,23.58479118347168],[76.01589202880854,23.563800811767635],[76.09111785888678,23.579370498657227],[76.11070251464844,23.54858016967779],[76.15891265869169,23.578798294067383],[76.17159271240251,23.554410934448185],[76.15370941162115,23.50863265991211],[76.1938705444336,23.50275993347168],[76.21025085449213,23.530931472778377],[76.22898101806658,23.530010223388672],[76.24755096435553,23.51385116577154],[76.19178771972673,23.47850036621105],[76.20832061767607,23.451520919800032],[76.19563293457031,23.42474937438965],[76.20783996582031,23.38731193542492],[76.24221038818365,23.391731262207145],[76.24790191650396,23.356389999389762],[76.22168731689482,23.33951950073248],[76.20115661621111,23.345651626586857],[76.1722259521485,23.268800735473633],[76.12751007080095,23.281829833984432],[76.11138153076178,23.24492263793951],[76.069107055664,23.238912582397575],[76.07231140136747,23.211639404296932],[76.04709625244146,23.213529586792106],[76.07859802246105,23.195909500122184],[76.122329711914,23.21352005004877],[76.1381072998048,23.197658538818473],[76.13212585449224,23.182701110839957],[76.06993865966797,23.16571998596197],[76.04934692382818,23.182937622070312],[76.04631042480474,23.146459579467773],[76.10080718994158,23.095678329467887],[76.10054779052763,23.056261062622184],[76.07271575927763,23.053970336914006],[76.05126190185553,23.08181953430187],[76.05513763427746,23.104520797729492],[76.02848815917963,23.183990478515682],[76.00237274169922,23.211072921753043],[75.99830627441435,23.250560760498047],[75.96898651123047,23.25255966186529],[75.99061584472662,23.28392982482916],[75.96045684814453,23.325202941894474],[75.9472198486331,23.323440551757926],[75.9276428222658,23.276620864868164],[75.92970275878906,23.230831146240348],[75.9493713378908,23.229681015014705],[75.95263671875,23.18457984924339],[75.93221282959001,23.13834953308111],[75.95842742919933,23.129829406738395],[75.95751953125028,23.11083984375],[75.99040985107428,23.081899642944393],[75.96250915527344,23.029060363769588],[75.90238189697294,23.029079437255803],[75.89923095703125,23.003751754760685],[75.87255096435553,23.041700363159293],[75.81169891357428,23.044380187988395],[75.73670959472673,23.03862953186035],[75.72988891601568,23.019880294800032],[75.63948059082037,23.02713966369629],[75.64173889160156,23.009290695190373],[75.61872863769543,23.056560516357422],[75.6254425048831,23.090749740600586],[75.56682586669928,23.089399337768498],[75.56977844238281,23.071300506591797],[75.52123260498053,23.044071197509822],[75.50734710693371,23.008449554443473],[75.48970031738298,23.018190383911133],[75.47572326660185,23.006580352783146],[75.48889923095697,22.98711967468273],[75.45549011230497,22.94479751586914],[75.47875976562528,22.933492660522518],[75.44016265869146,22.91069984436041],[75.43763732910173,22.872650146484375],[75.37449645996111,22.87136077880865],[75.34149169921892,22.8347625732423],[75.30639648437517,22.942380905151367],[75.327621459961,22.985031127929915],[75.30385589599638,22.99653053283697],[75.30329132080107,23.018890380859375],[75.30549621582037,23.049970626831055],[75.33843994140642,23.04635810852062],[75.34961700439482,23.072299957275447],[75.32711791992216,23.0748805999757],[75.3019332885745,23.13219070434576],[75.2415161132812,23.13907051086437],[75.2257919311524,23.214469909668026],[75.2452926635745,23.230947494506836],[75.28248596191435,23.22270011901867],[75.26262664794933,23.271820068359375],[75.32065582275419,23.28004074096691],[75.32579040527372,23.29854011535639],[75.26361083984403,23.302249908447266],[75.25853729248064,23.316980361938533],[75.20094299316423,23.329879760742415],[75.20572662353521,23.35308074951172],[75.18966674804705,23.37307167053234],[75.1651000976563,23.40200805664074],[75.13405609130865,23.411109924316463],[75.15770721435553,23.42444992065441],[75.19050598144537,23.53252029418951],[75.23575592041044,23.518207550048885],[75.24372863769537,23.5377197265625],[75.27339935302751,23.545379638671932],[75.27900695800787,23.59081840515148],[75.31051635742216,23.608409881591797],[75.31455230712919,23.626720428466797],[75.34052276611328,23.63118171691889],[75.33229064941435,23.59665107727045],[75.397216796875,23.605369567871207],[75.44519042968778,23.55293083190918],[75.503890991211,23.530662536621094],[75.5226364135745,23.54342842102062],[75.49507141113287,23.562040328979435],[75.51351165771484,23.59212112426752],[75.50305175781267,23.624521255493164],[75.52336883544933,23.67238044738764],[75.61756896972662,23.663940429687443],[75.6431274414063,23.71376991271967],[75.68586730957043,23.718469619751033],[75.68775177001959,23.749990463256893],[75.73073577880888,23.75592041015625]]]}},{"type":"Feature","properties":{"ID_0":105,"ISO":"IND","NAME_0":"India","ID_1":20,"NAME_1":"Madhya Pradesh","ID_2":303,"NAME_2":"Umaria","NL_NAME_2":null,"VARNAME_2":null,"TYPE_2":"District","ENGTYPE_2":"District","district":"Umaria","ST_NM":"Madhya Pradesh"},"geometry":{"type":"Polygon","coordinates":[[[81.00399017333979,24.09525108337408],[80.99482727050793,24.07355117797846],[81.05317687988293,24.00290107727062],[81.0622329711914,23.968469619750977],[81.11994934082043,23.971630096435604],[81.1331558227539,23.92724990844721],[81.16961669921875,23.915370941162223],[81.15450286865234,23.898809432983455],[81.16275024414062,23.883661270141715],[81.19851684570324,23.884941101074276],[81.21750640869146,23.855880737304688],[81.25926208496094,23.84752082824707],[81.25961303710938,23.83303070068365],[81.18473815917974,23.8227996826173],[81.17472839355469,23.808120727539176],[81.20652770996105,23.747182846069393],[81.23993682861322,23.726730346679688],[81.23990631103527,23.696781158447322],[81.22152709960943,23.681301116943416],[81.23452758789068,23.65240287780773],[81.21037292480463,23.643951416015625],[81.1963119506836,23.57838821411127],[81.15455627441412,23.53442001342779],[81.1691131591798,23.503681182861328],[81.13938140869152,23.486949920654354],[81.14231872558594,23.464160919189453],[81.00879669189453,23.444360733032283],[81.01637268066418,23.425420761108512],[80.99832916259766,23.37486076354986],[81.03534698486334,23.34468269348156],[81.03557586669928,23.27316856384283],[81.05068969726574,23.276620864868164],[81.04818725585949,23.260177612304688],[81.06426239013666,23.252370834350643],[81.09825897216797,23.25508117675787],[81.07962036132818,23.233379364013672],[81.09835052490246,23.230541229248047],[81.09319305419928,23.2035808563233],[81.06051635742188,23.195989608764762],[81.02629852294933,23.20863914489746],[80.93450927734386,23.290742874145508],[80.85529327392584,23.22365951538086],[80.80101776123058,23.25471115112299],[80.78614807128918,23.251791000366268],[80.78189086914068,23.22451972961437],[80.75547790527344,23.22154808044445],[80.70995330810553,23.28249931335455],[80.74761199951183,23.322050094604606],[80.74980926513672,23.34612083435053],[80.69438934326183,23.373081207275447],[80.587142944336,23.34917259216303],[80.53331756591797,23.359010696411076],[80.550521850586,23.379688262939453],[80.5237197875976,23.418371200561637],[80.55346679687511,23.44293975830078],[80.55803680419933,23.46999931335455],[80.53859710693354,23.495241165161133],[80.54383087158209,23.545761108398494],[80.55500793457026,23.56810188293457],[80.61524200439464,23.594970703125057],[80.61390686035168,23.614780426025504],[80.64247131347662,23.636390686035213],[80.63613891601568,23.65120124816889],[80.66256713867199,23.671720504760685],[80.7029418945313,23.763429641723633],[80.72309875488281,23.73163032531744],[80.81416320800793,23.671752929687443],[80.89479064941412,23.68159103393549],[80.88445281982422,23.768341064453125],[80.90576171874994,23.78905105590826],[80.88701629638683,23.863290786743278],[80.8548583984375,23.88087081909191],[80.86831665039068,23.90626907348627],[80.83510589599615,23.910139083862248],[80.82802581787115,23.955961227416992],[80.86929321289074,23.971572875976676],[80.89788055419928,24.041341781616325],[81.00399017333979,24.09525108337408]]]}},{"type":"Feature","properties":{"ID_0":105,"ISO":"IND","NAME_0":"India","ID_1":20,"NAME_1":"Madhya Pradesh","ID_2":304,"NAME_2":"Vidisha","NL_NAME_2":null,"VARNAME_2":null,"TYPE_2":"District","ENGTYPE_2":"District","district":"Vidisha","ST_NM":"Madhya Pradesh"},"geometry":{"type":"Polygon","coordinates":[[[77.42917633056646,24.24641990661621],[77.44650268554693,24.24450111389183],[77.48696136474615,24.28086280822754],[77.49907684326189,24.25823020935053],[77.5485229492188,24.253190994262695],[77.58896636962896,24.273601531982536],[77.59330749511736,24.302150726318587],[77.64372253417974,24.31967926025385],[77.71044921875,24.306922912597656],[77.76618194580084,24.30743980407709],[77.78135681152344,24.322298049926815],[77.81429290771513,24.3077907562257],[77.88594055175787,24.319610595703182],[77.88044738769537,24.284160614013672],[77.92160034179693,24.27289009094244],[77.93654632568371,24.23571968078636],[77.96057128906261,24.252359390258903],[78.0021362304688,24.24303054809576],[78.02979278564459,24.293640136718807],[78.06562042236334,24.248210906982536],[78.0903625488283,24.247901916503963],[78.08712768554705,24.231630325317383],[78.06166076660168,24.244150161743278],[78.05333709716797,24.233238220214957],[78.13719940185558,24.206630706787223],[78.12007904052729,24.168140411376896],[78.09091186523438,24.16003036499029],[78.12975311279308,24.120121002197266],[78.11302947998041,24.054050445556754],[78.08465576171892,24.06915092468273],[78.0695877075197,24.048469543456974],[78.10766601562528,24.03172111511236],[78.1186981201173,24.04581832885748],[78.16987609863281,24.013250350952205],[78.20616149902361,24.07225036621105],[78.27231597900408,24.033020019531193],[78.28301239013689,23.969280242919922],[78.25920104980474,23.950099945068473],[78.2873001098634,23.918621063232536],[78.27259063720709,23.870180130004826],[78.25654602050787,23.862850189208984],[78.26956176757824,23.84699058532709],[78.29036712646513,23.85062026977539],[78.29283142089855,23.832420349121094],[78.25821685791033,23.819360733032283],[78.27863311767595,23.814519882202262],[78.28098297119146,23.78787994384777],[78.25174713134783,23.79253005981451],[78.26271057128935,23.78150939941412],[78.24787902832026,23.760200500488338],[78.25969696044916,23.75455856323248],[78.2321395874024,23.717979431152344],[78.24639129638689,23.710409164428825],[78.26346588134777,23.731929779052678],[78.28711700439464,23.67766952514654],[78.27143096923834,23.614509582519645],[78.22074127197277,23.563560485839957],[78.21618652343778,23.532609939575195],[78.18949890136747,23.544530868530273],[78.12734985351562,23.518751144409123],[78.14325714111334,23.478580474853572],[78.08072662353521,23.454130172729492],[78.0200881958009,23.475980758667106],[77.99574279785156,23.47005081176752],[77.98906707763672,23.418710708618107],[78.04318237304716,23.405141830444393],[78.05197906494169,23.387899398803654],[78.01716613769537,23.34876251220726],[77.95575714111334,23.37621116638195],[77.95572662353533,23.416038513183594],[77.91033935546875,23.45615005493164],[77.86949157714861,23.44511985778803],[77.81062316894537,23.4626407623291],[77.73008728027361,23.53852844238287],[77.66794586181646,23.521921157836914],[77.62441253662126,23.550470352172965],[77.64729309082048,23.485080718994254],[77.62101745605474,23.467769622802678],[77.56127929687517,23.50679969787609],[77.51986694335955,23.507400512695312],[77.50456237792997,23.580020904541243],[77.55313110351568,23.601921081543082],[77.5687866210938,23.653440475463867],[77.6295471191408,23.668449401855526],[77.64514160156278,23.72217941284191],[77.61546325683594,23.719360351562727],[77.59983062744146,23.734672546386832],[77.60903167724615,23.754060745239258],[77.56949615478516,23.772830963134822],[77.54553222656261,23.76188087463379],[77.49890136718767,23.78252983093256],[77.46650695800787,23.764690399170036],[77.43414306640636,23.783689498901367],[77.44313049316435,23.800710678100586],[77.41102600097662,23.810750961303654],[77.37023162841803,23.888322830200195],[77.31413269042974,23.898090362548828],[77.31825256347656,23.91558074951172],[77.29223632812511,23.935010910034237],[77.3021774291995,23.952390670776595],[77.29102325439453,23.979589462280273],[77.30858612060553,23.988540649414176],[77.28991699218756,24.003999710083065],[77.30718231201172,24.016229629516715],[77.27506256103521,24.028890609741268],[77.29073333740263,24.047599792480526],[77.2554931640625,24.060501098632812],[77.29361724853544,24.092870712280273],[77.28412628173845,24.12911033630371],[77.30876159667969,24.155380249023665],[77.29825592041033,24.17093086242687],[77.3397064208985,24.18740081787115],[77.32737731933622,24.219280242919922],[77.3468399047851,24.221071243286246],[77.32417297363298,24.252710342407283],[77.3187789916995,24.298400878906307],[77.35330200195341,24.351619720459098],[77.40412139892595,24.331960678100643],[77.39438629150408,24.28370285034191],[77.42917633056646,24.24641990661621]]]}},{"type":"Feature","properties":{"ID_0":105,"ISO":"IND","NAME_0":"India","ID_1":20,"NAME_1":"Madhya Pradesh","ID_2":305,"NAME_2":"West Nimar","NL_NAME_2":null,"VARNAME_2":"Khargone;Khargaon","TYPE_2":"District","ENGTYPE_2":"District","district":"West Nimar","ST_NM":"Madhya Pradesh"},"geometry":{"type":"Polygon","coordinates":[[[76.09085083007807,22.530530929565543],[76.10418701171903,22.473840713500977],[76.21407318115229,22.421361923218],[76.23684692382818,22.39573287963873],[76.22152709960938,22.360111236572322],[76.20510101318354,22.357112884521428],[76.21676635742205,22.339141845703125],[76.18168640136736,22.274860382080192],[76.0232009887697,22.217002868652457],[76.03188323974638,22.199470520019474],[76.07744598388683,22.189289093017578],[76.09829711914057,22.1924800872805],[76.1076965332033,22.214519500732422],[76.1634368896485,22.207220077514762],[76.15561676025396,22.17981910705572],[76.12619781494158,22.167490005493107],[76.14539337158232,22.112649917602766],[76.10369110107439,22.093111038208008],[76.10585021972662,22.056770324707145],[76.1591873168947,22.066020965576286],[76.16478729248053,22.08015060424816],[76.14202880859392,22.098209381103743],[76.16452789306658,22.12022972106945],[76.22746276855486,22.102750778198242],[76.23300170898455,22.075981140136946],[76.21180725097673,22.068790435791016],[76.19973754882841,22.041519165039176],[76.16844940185575,22.045448303222713],[76.16847991943354,22.004432678222713],[76.14575958251982,21.98172950744629],[76.15949249267607,21.96958923339855],[76.1512985229495,21.948289871215934],[76.17022705078142,21.888099670410213],[76.10304260253935,21.850070953369197],[76.11096191406256,21.795442581176815],[76.09601593017578,21.771690368652344],[76.12621307373053,21.755582809448185],[76.1024703979495,21.740591049194336],[76.11781311035156,21.72301101684576],[76.15444183349615,21.734428405761832],[76.174369812012,21.688739776611442],[76.16195678710966,21.675428390503043],[76.10824584960955,21.691249847412223],[76.07364654541044,21.663759231567326],[76.07878875732433,21.57455825805664],[76.02835845947266,21.550609588623274],[75.9537658691408,21.547000885009822],[75.94831848144543,21.483280181884993],[75.98979949951189,21.48764038085949],[76.01228332519531,21.469642639160384],[75.99160766601568,21.376089096069336],[75.95939636230497,21.39619064331049],[75.88810729980463,21.399629592895508],[75.83262634277361,21.383300781250114],[75.73834991455107,21.393432617187443],[75.62679290771479,21.382009506225586],[75.6293563842774,21.39960098266613],[75.59263610839872,21.425451278686523],[75.60898590087896,21.462200164794865],[75.49932861328136,21.49124908447277],[75.46726226806646,21.51886940002447],[75.46581268310541,21.552959442138786],[75.5056762695312,21.61655044555664],[75.45352172851568,21.642948150634822],[75.44127655029297,21.67827033996582],[75.3413162231447,21.668859481811523],[75.2979278564456,21.63659095764166],[75.26957702636736,21.68297958374046],[75.21219635009783,21.71152114868164],[75.21929168701178,21.73825073242199],[75.28286743164091,21.744140625000114],[75.27870941162104,21.806310653686637],[75.311019897461,21.841461181640568],[75.28190612792997,21.873939514160156],[75.2868270874024,21.917530059814453],[75.29677581787121,21.92712020874046],[75.3087158203125,21.911109924316406],[75.33796691894543,21.91411972045904],[75.3546371459961,21.983261108398494],[75.39789581298857,21.99044990539562],[75.44584655761736,22.026889801025447],[75.42093658447277,22.03029060363781],[75.41677093505888,22.060169219970703],[75.45787811279303,22.06501960754406],[75.38704681396479,22.07440948486328],[75.40332794189459,22.078849792480696],[75.39752960205072,22.094020843505916],[75.32002258300787,22.13634109497076],[75.5105590820313,22.164140701294002],[75.53584289550798,22.228771209716797],[75.51525878906267,22.312641143798942],[75.49198150634783,22.330600738525334],[75.50895690917986,22.343059539794922],[75.50553894042986,22.372051239013672],[75.52555847167986,22.375770568847656],[75.53643798828142,22.36045074462885],[75.57688903808594,22.379459381103516],[75.60887908935547,22.36527061462408],[75.60151672363287,22.34428024291998],[75.63992309570341,22.356878280639705],[75.65232849121122,22.33562278747553],[75.72062683105497,22.37211990356451],[75.78013610839872,22.373001098632926],[75.82704162597685,22.40829086303711],[75.85534667968767,22.383670806884766],[75.90841674804693,22.3895015716555],[75.9164428710938,22.424350738525447],[75.96850585937506,22.4407196044923],[76.00778961181646,22.422410964966048],[76.01294708251959,22.446559906005973],[76.03431701660162,22.440160751342773],[76.0557098388673,22.456270217895508],[76.054008483887,22.480949401855582],[76.02731323242216,22.499111175537166],[76.03002166748047,22.531940460205305],[76.0781326293947,22.528789520263615],[76.08576965332031,22.550580978393498],[76.09085083007807,22.530530929565543]]]}},{"type":"Feature","properties":{"ID_0":105,"ISO":"IND","NAME_0":"India","ID_1":20,"NAME_1":"Madhya Pradesh","ID_2":258,"NAME_2":"Anuppur","NL_NAME_2":null,"VARNAME_2":null,"TYPE_2":"District","ENGTYPE_2":"District","district":"Anuppur","ST_NM":"Madhya Pradesh"},"geometry":{"type":"Polygon","coordinates":[[[82.11588287353521,23.103799819946232],[82.06713104248058,23.116817474365178],[82.02408599853516,23.08012008666998],[81.93810272216803,23.077810287475586],[81.91842651367188,23.040979385376033],[81.93721771240246,23.009492874145565],[81.9402465820313,22.957090377807617],[81.86000823974604,22.9150009155274],[81.85634613037121,22.890859603881836],[81.78592681884771,22.877080917358512],[81.68651580810553,22.93975830078125],[81.6405868530274,23.01365089416504],[81.61966705322277,22.998189926147575],[81.58946990966803,23.01991271972662],[81.55214691162121,23.0187606811524],[81.60199737548828,23.038129806518555],[81.60972595214855,23.064060211181697],[81.5464859008789,23.090539932251033],[81.53109741210943,23.118579864501953],[81.58981323242193,23.17146110534668],[81.59461212158209,23.193941116333065],[81.56246948242182,23.211111068725586],[81.58365631103516,23.22767066955572],[81.62420654296886,23.23091125488287],[81.60642242431646,23.197998046875],[81.642822265625,23.194969177246094],[81.66577148437506,23.21428108215332],[81.74845886230469,23.21356010437006],[81.78148651123047,23.26032066345215],[81.87567901611328,23.239700317382926],[81.85665893554693,23.27728080749506],[81.81281280517584,23.308320999145508],[81.84780883789057,23.31965065002447],[81.86882781982422,23.29833984375],[81.92611694335943,23.35117149353033],[81.93253326416016,23.385049819946346],[81.95979309082031,23.36906051635748],[81.97360992431646,23.417591094970817],[82.01597595214855,23.42350959777832],[82.02039337158214,23.384300231933707],[82.04573822021496,23.377870559692496],[82.05677032470709,23.393539428710938],[82.09848022460938,23.39770126342779],[82.1109008789063,23.355840682983512],[82.13783264160162,23.36184120178234],[82.18750762939447,23.322229385375977],[82.18638610839844,23.27765846252447],[82.14248657226557,23.227701187133846],[82.13732147216808,23.164970397949162],[82.15376281738281,23.158041000366325],[82.15107727050776,23.14174079895031],[82.11588287353521,23.103799819946232]]]}},{"type":"Feature","properties":{"ID_0":105,"ISO":"IND","NAME_0":"India","ID_1":20,"NAME_1":"Madhya Pradesh","ID_2":259,"NAME_2":"Ashoknagar","NL_NAME_2":null,"VARNAME_2":null,"TYPE_2":"District","ENGTYPE_2":"District","district":"Ashoknagar","ST_NM":"Madhya Pradesh"},"geometry":{"type":"Polygon","coordinates":[[[77.89953613281261,25.004262924194393],[77.90693664550787,24.987108230590763],[77.94595336914062,24.991270065307617],[77.9567260742188,24.970100402831974],[78.01074981689482,24.958019256591797],[77.97619628906256,24.917280197143555],[77.96766662597685,24.849830627441463],[77.99172973632812,24.855512619018782],[78.01545715332037,24.840810775756893],[78.04270172119158,24.860761642455998],[78.10565185546875,24.840070724487532],[78.1915817260745,24.839670181274357],[78.22387695312517,24.78300094604498],[78.2203903198245,24.747369766235295],[78.26847839355463,24.66710090637207],[78.25669097900408,24.648620605468977],[78.26985168457048,24.61538124084467],[78.25888824462902,24.5581893920899],[78.21653747558605,24.531642913818473],[78.2401733398438,24.50958061218273],[78.23963165283232,24.489459991455135],[78.26962280273432,24.47618293762207],[78.25705718994158,24.443500518798885],[78.16221618652372,24.400011062622184],[78.14277648925776,24.361600875854435],[78.08692932128923,24.323621749878043],[78.08761596679716,24.261920928955135],[78.0637969970706,24.261497497558707],[78.02461242675787,24.293449401855526],[78.0021362304688,24.24303054809576],[77.96057128906261,24.252359390258903],[77.93654632568371,24.23571968078636],[77.92160034179693,24.27289009094244],[77.88044738769537,24.284160614013672],[77.88594055175787,24.319610595703182],[77.69193267822283,24.307020187378043],[77.6148910522461,24.336429595947266],[77.61669921875028,24.355121612548828],[77.66120910644548,24.369230270385685],[77.68356323242193,24.393819808960075],[77.7162628173831,24.392681121826172],[77.73036956787138,24.433570861816406],[77.67642211914091,24.405221939086914],[77.65036010742205,24.407560348510685],[77.64930725097685,24.425050735473633],[77.62908172607433,24.432340621948356],[77.58612823486334,24.37873077392601],[77.50241088867193,24.410589218139762],[77.47012329101562,24.452970504760685],[77.47225952148443,24.470729827880916],[77.492660522461,24.47372055053711],[77.4705200195313,24.592641830444336],[77.47677612304705,24.636940002441406],[77.54746246337919,24.726980209350643],[77.54856109619146,24.764539718628157],[77.51918029785162,24.797241210937614],[77.51509857177751,24.836050033569393],[77.58141326904325,24.893529891967887],[77.5385971069336,24.906219482421875],[77.54721069335943,24.935409545898438],[77.58238983154325,24.96772003173851],[77.58683013916033,24.93083000183111],[77.6046600341798,24.932279586791935],[77.66736602783209,24.870210647583008],[77.70041656494152,24.85696029663086],[77.74240875244169,24.87168121337885],[77.82013702392584,25.00453948974615],[77.89953613281261,25.004262924194393]]]}},{"type":"Feature","properties":{"ID_0":105,"ISO":"IND","NAME_0":"India","ID_1":20,"NAME_1":"Madhya Pradesh","ID_2":260,"NAME_2":"Balaghat","NL_NAME_2":null,"VARNAME_2":null,"TYPE_2":"District","ENGTYPE_2":"District","district":"Balaghat","ST_NM":"Madhya Pradesh"},"geometry":{"type":"Polygon","coordinates":[[[80.82463073730474,22.384332656860465],[80.84117126464844,22.387470245361328],[80.88379669189482,22.3516902923584],[80.87523651123075,22.333272933960075],[80.92201995849626,22.331100463867188],[80.89800262451189,22.302871704101562],[80.90909576416021,22.278760910034293],[80.99286651611334,22.28866958618164],[81.04043579101562,22.240570068359432],[81.0157089233399,22.220211029052734],[81.0257568359375,22.19769096374523],[81.01169586181646,22.18400955200201],[81.01579284667997,22.132709503173885],[80.97175598144526,22.12148094177246],[81.00369262695318,22.096889495849666],[80.99916076660162,22.061500549316463],[80.98776245117216,22.048479080200195],[80.96341705322283,22.058361053466854],[80.9505233764649,22.11301040649414],[80.91084289550787,22.119159698486385],[80.84577178955084,21.960899353027344],[80.81844329834001,21.956790924072266],[80.83656311035173,21.935659408569336],[80.82380676269548,21.897880554199332],[80.83959197998047,21.875400543212947],[80.83170318603527,21.804809570312614],[80.81120300292986,21.747491836547795],[80.78272247314482,21.739570617675895],[80.74297332763678,21.757961273193416],[80.7185287475586,21.711860656738338],[80.70749664306646,21.664100646972656],[80.72245788574247,21.622760772705192],[80.70923614501959,21.58675003051752],[80.73065948486357,21.538721084594783],[80.73021697998053,21.472051620483455],[80.65653228759783,21.3307723999024],[80.5931625366211,21.324790954589844],[80.51943206787115,21.389570236205998],[80.48549652099615,21.397638320922965],[80.44831848144537,21.402330398559627],[80.44040679931658,21.372100830078125],[80.40336608886713,21.37648963928234],[80.38907623291016,21.407379150390625],[80.41130828857428,21.43820190429699],[80.36923217773432,21.522911071777457],[80.32443237304705,21.548717498779354],[80.32018280029325,21.573579788208008],[80.29191589355474,21.57802963256836],[80.26022338867193,21.620149612426815],[80.21630859375017,21.620340347290096],[80.20040130615263,21.63470077514654],[80.14392089843761,21.60497283935547],[80.11493682861357,21.607009887695426],[80.06356811523443,21.554580688476676],[80.0282287597658,21.5573406219483],[79.99355316162115,21.534711837768498],[79.96624755859392,21.557270050048885],[79.9363861083985,21.556800842285384],[79.91581726074247,21.52448081970215],[79.85707855224638,21.53092193603527],[79.7918167114259,21.581409454345646],[79.73262023925781,21.602529525757063],[79.65814208984403,21.57733154296875],[79.64747619628935,21.55717277526867],[79.57614898681635,21.54335975646984],[79.53662109375011,21.544218063354606],[79.5375595092774,21.568990707397518],[79.50582122802751,21.590280532837028],[79.53639984130865,21.604890823364315],[79.53501892089844,21.627149581909237],[79.58896636962908,21.6443710327149],[79.58232879638678,21.65615081787115],[79.60443115234392,21.68656158447277],[79.59506225585955,21.70889282226574],[79.66800689697271,21.695520401001204],[79.65148925781244,21.734699249267692],[79.67566680908214,21.74556159973156],[79.68615722656261,21.800291061401367],[79.76319122314459,21.807510375976506],[79.78919219970732,21.84400177001953],[79.77591705322266,21.86342048645031],[79.81259155273443,21.86963081359869],[79.83471679687506,21.88528060913086],[79.83502197265642,21.904380798339957],[79.86464691162115,21.899740219116325],[79.88625335693388,21.929529190063533],[79.83235931396501,21.939899444580305],[79.8574829101562,21.967090606689453],[79.9176101684572,21.97157096862793],[79.92295837402361,22.062942504882812],[79.9986114501956,22.08349037170416],[80.06344604492216,22.07740974426281],[80.02842712402361,22.18283081054699],[80.09046173095709,22.246120452880803],[80.07617950439459,22.29980087280279],[80.09361267089838,22.34156990051281],[80.14964294433605,22.350210189819563],[80.162582397461,22.328519821167106],[80.22941589355463,22.301851272583065],[80.31871795654314,22.345859527587834],[80.3380126953125,22.329599380493107],[80.33470153808588,22.29957008361839],[80.39041900634766,22.306480407714787],[80.4124603271485,22.2814998626709],[80.41145324707037,22.246480941772518],[80.44043731689453,22.248430252075252],[80.457992553711,22.28006935119629],[80.4999618530274,22.275592803955305],[80.52912139892595,22.24143981933588],[80.69921875,22.204530715942383],[80.72175598144548,22.22153091430664],[80.69742584228527,22.25126075744629],[80.69876098632824,22.273250579833984],[80.78050231933611,22.31345939636242],[80.78952026367193,22.396482467651367],[80.82463073730474,22.384332656860465]]]}},{"type":"Feature","properties":{"ID_0":105,"ISO":"IND","NAME_0":"India","ID_1":20,"NAME_1":"Madhya Pradesh","ID_2":261,"NAME_2":"Barwani","NL_NAME_2":null,"VARNAME_2":null,"TYPE_2":"District","ENGTYPE_2":"District","district":"Barwani","ST_NM":"Madhya Pradesh"},"geometry":{"type":"Polygon","coordinates":[[[75.32338714599626,22.127969741821403],[75.39752960205072,22.094020843505916],[75.40332794189459,22.078849792480696],[75.38704681396479,22.07440948486328],[75.45787811279303,22.06501960754406],[75.41677093505888,22.060169219970703],[75.42093658447277,22.03029060363781],[75.44584655761736,22.026889801025447],[75.39789581298857,21.99044990539562],[75.3546371459961,21.983261108398494],[75.33796691894543,21.91411972045904],[75.3087158203125,21.911109924316406],[75.29677581787121,21.92712020874046],[75.2868270874024,21.917530059814453],[75.28190612792997,21.873939514160156],[75.311019897461,21.841461181640568],[75.27870941162104,21.806310653686637],[75.28286743164091,21.744140625000114],[75.21929168701178,21.73825073242199],[75.21219635009783,21.71152114868164],[75.26957702636736,21.68297958374046],[75.2979278564456,21.63659095764166],[75.3413162231447,21.668859481811523],[75.44127655029297,21.67827033996582],[75.45352172851568,21.642948150634822],[75.5056762695312,21.61655044555664],[75.46581268310541,21.552959442138786],[75.46726226806646,21.51886940002447],[75.49932861328136,21.49124908447277],[75.60898590087896,21.462200164794865],[75.59263610839872,21.425451278686523],[75.62940216064459,21.394769668579215],[75.54814910888678,21.37248992919922],[75.46840667724615,21.394201278686523],[75.39839172363287,21.382980346679688],[75.36138153076178,21.403230667114258],[75.30190277099615,21.389249801635742],[75.2996292114259,21.41566085815424],[75.21985626220709,21.410869598388786],[75.11509704589861,21.45956039428711],[75.05356597900396,21.567190170288086],[74.89904785156256,21.63086128234886],[74.86415863037115,21.633850097656307],[74.82726287841814,21.610189437866268],[74.70948791503912,21.62759017944336],[74.66517639160156,21.652320861816406],[74.5905532836914,21.66415977478033],[74.5841674804688,21.684740066528263],[74.5572967529298,21.683532714843693],[74.5517196655274,21.71894836425787],[74.5117568969726,21.724950790405273],[74.503646850586,21.80718231201172],[74.52749633789068,21.908781051635742],[74.49340057373058,21.95449066162132],[74.44863891601562,21.971130371093864],[74.43621826171903,22.002229690551815],[74.45381927490251,22.006170272827262],[74.43554687500006,22.030998229980526],[74.53009033203125,22.051509857177848],[74.56382751464838,22.024110794067383],[74.59018707275408,22.022680282592773],[74.67855834960943,22.035909652710018],[74.78056335449236,22.0792694091798],[74.83212280273443,22.062280654907283],[74.90661621093767,22.08460044860834],[75.32338714599626,22.127969741821403]]]}},{"type":"Feature","properties":{"ID_0":105,"ISO":"IND","NAME_0":"India","ID_1":20,"NAME_1":"Madhya Pradesh","ID_2":262,"NAME_2":"Betul","NL_NAME_2":null,"VARNAME_2":null,"TYPE_2":"District","ENGTYPE_2":"District","district":"Betul","ST_NM":"Madhya Pradesh"},"geometry":{"type":"Polygon","coordinates":[[[78.27197265625,22.4019393920899],[78.27823638916033,22.354959487915153],[78.24418640136724,22.325529098510742],[78.26174163818371,22.269500732421875],[78.2901229858399,22.255741119384822],[78.26246643066412,22.2248592376709],[78.2733917236331,22.093629837036246],[78.34018707275385,22.112581253051758],[78.34237670898443,22.057041168213004],[78.3973007202149,22.00733947753912],[78.38519287109403,21.92855072021507],[78.41483306884766,21.956720352172795],[78.46495819091814,21.962818145752067],[78.51294708251964,21.93494987487793],[78.51576995849615,21.91120910644537],[78.5368728637697,21.910121917724666],[78.54164123535173,21.868970870971737],[78.52088928222662,21.83864021301281],[78.46469879150419,21.817140579223633],[78.49381256103521,21.794040679931754],[78.46837615966797,21.786970138550032],[78.45683288574224,21.724790573120345],[78.4247665405274,21.72007179260254],[78.41699218750006,21.69252967834484],[78.38530731201178,21.667869567871207],[78.38992309570324,21.641189575195256],[78.36250305175776,21.6219806671142],[78.34575653076189,21.629739761352596],[78.3229370117188,21.577381134033317],[78.30410766601591,21.571430206298942],[78.26612091064459,21.59428024292015],[78.25540924072271,21.58523941040039],[78.26925659179688,21.570711135864258],[78.18094635009766,21.558681488037223],[78.1693420410158,21.49850082397461],[77.9387817382813,21.386909484863395],[77.88186645507812,21.377691268921012],[77.79936981201178,21.412300109863395],[77.79344940185553,21.390739440918082],[77.7464904785158,21.38421058654791],[77.73387908935564,21.364730834961165],[77.70524597167969,21.359069824218864],[77.69113159179688,21.397069931030273],[77.66722106933605,21.371490478515568],[77.65097045898443,21.393390655517578],[77.601547241211,21.393558502197266],[77.60481262207037,21.366992950439567],[77.58444213867199,21.364479064941406],[77.54840850830107,21.381229400634993],[77.48702239990263,21.377750396728516],[77.46930694580078,21.45689964294428],[77.43830871582037,21.472919464111328],[77.41880035400408,21.520839691162166],[77.42350769042997,21.542560577392578],[77.45751190185564,21.556570053100813],[77.56698608398455,21.52975082397461],[77.6071166992188,21.54277038574213],[77.57099914550798,21.562620162963867],[77.57132720947294,21.62704086303711],[77.54218292236345,21.701030731201172],[77.477767944336,21.77022171020502],[77.40113067626959,21.756179809570426],[77.27997589111334,21.761262893676758],[77.28314971923828,21.724220275878906],[77.22460174560547,21.717889785766715],[77.20742034912104,21.694009780883846],[77.1714477539063,21.727260589599723],[77.15777587890636,21.713409423828182],[77.05780792236334,21.719371795654297],[77.07655334472685,21.772148132324446],[77.10449218750006,21.779319763183594],[77.097709655762,21.788709640502987],[77.12148284912115,21.777179718017635],[77.1946411132812,21.791139602661246],[77.16752624511747,21.81046104431158],[77.16261291503906,21.867490768432674],[77.20905303955084,21.87006950378418],[77.20382690429705,21.892932891845703],[77.24349975585955,21.915159225463924],[77.2726364135745,21.966760635376033],[77.39150238037126,21.999309539794865],[77.39359283447266,22.027660369873104],[77.49472045898455,22.03615951538086],[77.49920654296903,22.07923126220726],[77.45108795166021,22.088130950927848],[77.46292114257818,22.16999816894537],[77.41266632080078,22.177692413330078],[77.35913085937506,22.221149444580078],[77.35292816162138,22.25206947326666],[77.37597656250011,22.25110054016119],[77.38198089599626,22.229299545288143],[77.43974304199219,22.221841812133732],[77.54038238525402,22.35790061950695],[77.54598236083984,22.34118080139166],[77.58300018310564,22.34555816650402],[77.64640808105474,22.309129714965877],[77.68010711669939,22.325998306274414],[77.73869323730474,22.32118034362793],[77.74324035644548,22.347978591918945],[77.78111267089872,22.330030441284293],[77.85253143310564,22.35864067077648],[77.852836608887,22.283229827880916],[77.87135314941435,22.28259086608881],[77.93583679199213,22.336919784546012],[77.98381805419928,22.320150375366325],[78.18087768554699,22.39968109130865],[78.27197265625,22.4019393920899]]]}},{"type":"Feature","properties":{"ID_0":105,"ISO":"IND","NAME_0":"India","ID_1":20,"NAME_1":"Madhya Pradesh","ID_2":263,"NAME_2":"Bhind","NL_NAME_2":null,"VARNAME_2":null,"TYPE_2":"District","ENGTYPE_2":"District","district":"Bhind","ST_NM":"Madhya Pradesh"},"geometry":{"type":"Polygon","coordinates":[[[78.71837615966825,26.781700134277287],[78.74108123779325,26.792520523071516],[78.76638031005865,26.76453971862793],[78.80610656738293,26.76879119873047],[78.86492919921892,26.704669952392635],[78.90394592285168,26.71338081359886],[78.94814300537115,26.696741104125977],[78.93791198730497,26.66269111633312],[78.99317932128912,26.684570312500114],[78.98722076416033,26.644180297851506],[79.00566101074213,26.610469818115348],[78.97802734375,26.592430114746207],[78.97962188720709,26.57407951354992],[78.99134063720732,26.58230972290039],[78.99798583984386,26.55093955993658],[79.0205459594726,26.55166053771984],[79.06093597412138,26.50329971313488],[79.04846191406256,26.456050872802734],[79.126762390137,26.444810867309798],[79.11723327636747,26.417121887207088],[79.08682250976568,26.4178218841555],[79.09047698974615,26.379390716552734],[79.07675933837902,26.366020202636776],[79.13374328613287,26.344970703125],[79.11564636230474,26.33509063720726],[79.12658691406244,26.31603050231945],[79.0938491821289,26.311941146850643],[79.08357238769537,26.27240943908697],[79.06726837158197,26.28762054443365],[79.03703308105474,26.26699066162115],[79.06266784667997,26.246931076050032],[79.05705261230474,26.232891082763672],[79.01714324951189,26.232168197631836],[79.01494598388678,26.19746971130371],[78.97737884521496,26.195499420166016],[79.00340270996111,26.172958374023494],[79.00071716308594,26.15497970581066],[78.96533966064459,26.155780792236442],[78.9426727294923,26.13914108276373],[79.00315093994169,26.081792831421012],[78.94432830810553,26.036951065063477],[78.94316864013672,25.990690231323242],[78.92362213134794,25.98087120056158],[78.92952728271513,25.949359893798885],[78.86132049560564,25.910280227661076],[78.83056640624994,25.949949264526595],[78.80502319335938,25.943929672241154],[78.77700042724626,25.966020584106445],[78.78016662597668,26.01579093933117],[78.7664184570313,26.022361755371207],[78.78205108642584,26.04758262634283],[78.80722808837896,26.047861099243164],[78.79074859619158,26.061588287353516],[78.8203201293947,26.07175064086914],[78.795669555664,26.094779968261776],[78.8367767333985,26.11491012573248],[78.79458618164062,26.172359466552848],[78.82891845703125,26.205261230468864],[78.78414916992193,26.23125076293951],[78.818901062012,26.269689559936637],[78.81366729736334,26.290439605713004],[78.78417968750028,26.294279098510856],[78.74675750732428,26.269300460815543],[78.73404693603544,26.231929779052734],[78.68985748291033,26.22039031982422],[78.6864624023438,26.170700073242244],[78.63947296142578,26.175870895385685],[78.62124633789068,26.162389755249023],[78.6078720092774,26.224260330200195],[78.60254669189459,26.20020294189453],[78.57576751708984,26.220239639282227],[78.53872680664091,26.197401046753043],[78.49128723144548,26.267230987548828],[78.4744873046875,26.27128982543968],[78.46280670166044,26.25412750244135],[78.43625640869146,26.26532936096214],[78.40788269042997,26.302312850952262],[78.4107208251956,26.337120056152344],[78.32406616210943,26.35267066955572],[78.25641632080107,26.343341827392578],[78.2542572021485,26.36481094360363],[78.2855987548831,26.412000656127873],[78.28150939941406,26.44431114196783],[78.24832153320312,26.448720932007063],[78.25823211669939,26.46614074707037],[78.23657226562511,26.470991134643555],[78.20407867431646,26.52635955810547],[78.23451232910185,26.53205108642578],[78.22322845459013,26.537420272827376],[78.2316207885745,26.54968070983898],[78.26029968261736,26.540929794311467],[78.26346588134777,26.571470260620117],[78.29276275634766,26.59678077697754],[78.30377197265625,26.556631088256836],[78.33040618896496,26.550600051879883],[78.36299133300787,26.594280242920036],[78.37845611572271,26.592010498047102],[78.37301635742188,26.609319686889876],[78.41089630126964,26.595092773437557],[78.42855072021501,26.64344978332514],[78.46137237548828,26.654390335083008],[78.45435333251959,26.67720985412609],[78.48739624023466,26.676019668579215],[78.50318908691412,26.692129135131893],[78.52107238769531,26.68148040771507],[78.50614166259766,26.72673988342291],[78.52929687500006,26.739410400390625],[78.53504943847662,26.77166175842285],[78.60196685791021,26.756059646606445],[78.62043762207048,26.775199890136832],[78.6590194702149,26.769229888916016],[78.68342590332037,26.794612884521484],[78.71534729003935,26.80021286010765],[78.71837615966825,26.781700134277287]]]}},{"type":"Feature","properties":{"ID_0":105,"ISO":"IND","NAME_0":"India","ID_1":20,"NAME_1":"Madhya Pradesh","ID_2":264,"NAME_2":"Bhopal","NL_NAME_2":null,"VARNAME_2":null,"TYPE_2":"District","ENGTYPE_2":"District","district":"Bhopal","ST_NM":"Madhya Pradesh"},"geometry":{"type":"Polygon","coordinates":[[[77.22319793701183,23.90015029907238],[77.37023162841803,23.888322830200195],[77.39573669433594,23.858869552612305],[77.39013671874994,23.837419509887695],[77.41306304931658,23.808950424194563],[77.44313049316435,23.800710678100586],[77.43144226074224,23.787721633911246],[77.45287322998075,23.769292831420955],[77.49890136718767,23.78252983093256],[77.54553222656261,23.76188087463379],[77.56949615478516,23.772830963134822],[77.60903167724615,23.754060745239258],[77.59983062744146,23.734672546386832],[77.61546325683594,23.719360351562727],[77.64514160156278,23.72217941284191],[77.6295471191408,23.668449401855526],[77.5687866210938,23.653440475463867],[77.55313110351568,23.601921081543082],[77.50456237792997,23.580020904541243],[77.51747131347662,23.521631240844783],[77.4878768920899,23.4311199188233],[77.5097198486331,23.417060852050838],[77.52279663085943,23.431041717529354],[77.55446624755865,23.427730560302734],[77.55404663085938,23.382160186767578],[77.57876586914091,23.357200622558707],[77.6252059936524,23.35223960876459],[77.5801773071289,23.28863906860363],[77.59599304199236,23.232919692993107],[77.58148956298845,23.189989089965934],[77.56214904785185,23.1836395263673],[77.56360626220709,23.148290634155387],[77.49339294433594,23.10650062561035],[77.379379272461,23.093080520629996],[77.32334899902372,23.112030029296932],[77.28465270996122,23.10490036010765],[77.23737335205078,23.198190689087028],[77.21337127685564,23.207187652588004],[77.21713256835966,23.23073959350586],[77.19328308105497,23.225561141967887],[77.18567657470697,23.238000869751033],[77.21340942382818,23.261899948120174],[77.219779968262,23.29446029663086],[77.1765975952149,23.31166267395031],[77.18327331542974,23.360519409179688],[77.20011138916027,23.363580703735295],[77.22332000732428,23.33209991455078],[77.22696685791021,23.360740661621094],[77.25792694091825,23.388250350952262],[77.23396301269548,23.40020751953125],[77.2409057617188,23.41321182250971],[77.27706146240251,23.41234970092779],[77.29424285888689,23.435550689697266],[77.28147888183611,23.5698184967041],[77.29413604736334,23.586219787597884],[77.27184295654325,23.61459159851097],[77.22486877441412,23.630161285400447],[77.21795654296892,23.670352935791016],[77.19548797607428,23.663740158081055],[77.1653671264649,23.693082809448185],[77.2110671997072,23.79807090759283],[77.22319793701183,23.90015029907238]]]}},{"type":"Feature","properties":{"ID_0":105,"ISO":"IND","NAME_0":"India","ID_1":20,"NAME_1":"Madhya Pradesh","ID_2":265,"NAME_2":"Burhanpur","NL_NAME_2":null,"VARNAME_2":null,"TYPE_2":"District","ENGTYPE_2":"District","district":"Burhanpur","ST_NM":"Madhya Pradesh"},"geometry":{"type":"Polygon","coordinates":[[[76.78024291992193,21.5624675750733],[76.78782653808594,21.540130615234375],[76.76293182373053,21.522649765014762],[76.79180145263666,21.489891052246207],[76.78418731689453,21.466489791870117],[76.74339294433594,21.443140029907227],[76.73208618164074,21.408809661865234],[76.624526977539,21.33510017395031],[76.6610717773438,21.282421112060604],[76.65849304199219,21.247810363769588],[76.64257812500006,21.247720718383903],[76.62336730957043,21.192659378051758],[76.5593872070313,21.205810546875],[76.5291976928711,21.189292907714957],[76.4873733520509,21.196060180664062],[76.45269012451172,21.114868164062557],[76.41182708740246,21.107269287109432],[76.37637329101574,21.07731056213379],[76.28176879882824,21.07530975341797],[76.26210784912121,21.094701766967717],[76.1686477661134,21.085821151733455],[76.16845703125011,21.105411529541072],[76.1356658935548,21.126211166381836],[76.13992309570312,21.140068054199276],[76.11396026611328,21.164640426635856],[76.12741851806652,21.177919387817496],[76.16684722900396,21.170721054077205],[76.17272186279297,21.188289642333928],[76.16403198242193,21.2241725921632],[76.14440155029308,21.238090515136776],[76.15921783447271,21.259141921997127],[76.10694885253912,21.36020278930664],[76.0986709594726,21.37392807006836],[76.05237579345703,21.35270118713379],[75.99160766601568,21.376089096069336],[76.01052093505871,21.421188354492244],[76.00881195068371,21.479330062866268],[75.94831848144543,21.483280181884822],[75.95376586914062,21.547000885009822],[76.02835845947266,21.550609588623104],[76.12784576416027,21.59608078002924],[76.17737579345709,21.543230056762695],[76.2128295898438,21.57110023498535],[76.28958892822277,21.596099853515682],[76.29387664794928,21.57806968688965],[76.33255767822266,21.56957054138195],[76.36004638671875,21.570491790771598],[76.37523651123041,21.598350524902344],[76.41786193847662,21.60007286071783],[76.4220199584961,21.58686065673828],[76.43814086914074,21.596990585327205],[76.51077270507818,21.563560485839787],[76.61586761474615,21.57592964172369],[76.7077407836914,21.56175041198742],[76.74278259277338,21.578559875488338],[76.75421142578136,21.558490753173942],[76.78024291992193,21.5624675750733]]]}},{"type":"Feature","properties":{"ID_0":105,"ISO":"IND","NAME_0":"India","ID_1":20,"NAME_1":"Madhya Pradesh","ID_2":266,"NAME_2":"Chhatarpur","NL_NAME_2":null,"VARNAME_2":"Chhatapur|Chatarpur","TYPE_2":"District","ENGTYPE_2":"District","district":"Chhatarpur","ST_NM":"Madhya Pradesh"},"geometry":{"type":"Polygon","coordinates":[[[80.29532623291021,25.407760620117244],[80.31324768066412,25.372259140014762],[80.30404663085955,25.288892745971737],[80.34097290039091,25.278600692749137],[80.37802886962908,25.237510681152287],[80.39906311035162,25.242969512939453],[80.42369842529303,25.17414283752464],[80.35128784179716,25.14490127563471],[80.26693725585949,25.030242919921875],[80.15426635742182,24.96624946594244],[80.14216613769537,24.940530776977653],[80.04656219482439,24.942310333252067],[80.0274429321289,24.925979614257926],[80.05487060546903,24.863420486450252],[80.08304595947271,24.84431076049799],[80.07839202880876,24.813350677490348],[79.9901123046875,24.72729110717796],[79.9522094726563,24.660720825195256],[79.92032623291021,24.69159126281744],[79.88973236083984,24.69717979431158],[79.83911895751964,24.616569519043196],[79.85217285156267,24.586870193481673],[79.88211822509783,24.595239639282283],[79.89540863037138,24.577140808105582],[79.86937713623047,24.574649810791016],[79.87692260742216,24.524169921875],[79.86035156249994,24.5110702514649],[79.87567901611334,24.48048973083496],[79.86074829101562,24.461790084838867],[79.87618255615229,24.378189086914176],[79.838623046875,24.355472564697266],[79.83426666259783,24.377820968627873],[79.77012634277338,24.38565063476574],[79.74447631835943,24.418790817260856],[79.69866943359375,24.38351058959961],[79.68105316162104,24.3995304107666],[79.67228698730463,24.37845993041998],[79.61960601806669,24.379619598388786],[79.61434936523455,24.422649383544922],[79.56394195556635,24.449600219726562],[79.53927612304693,24.42650985717796],[79.55544281005865,24.392150878906364],[79.50431823730474,24.403520584106445],[79.4660263061524,24.39085006713873],[79.43325805664091,24.41604042053234],[79.42286682128906,24.39707183837902],[79.38844299316435,24.389770507812557],[79.4043807983399,24.354549407958984],[79.38134002685553,24.21693992614769],[79.35721588134783,24.195598602295036],[79.29654693603516,24.18688011169428],[79.32051849365246,24.149440765380973],[79.2483520507813,24.15274047851574],[79.17829132080078,24.122209548950252],[79.15651702880888,24.126520156860295],[79.13297271728521,24.10272026062023],[79.06919860839844,24.132970809936523],[79.04036712646513,24.221929550171012],[79.05618286132841,24.230571746826172],[79.06078338623041,24.266849517822322],[79.08609008789068,24.247240066528434],[79.10537719726591,24.26736831665039],[79.13339233398443,24.257240295410213],[79.16603851318388,24.281341552734318],[79.1625061035158,24.309640884399414],[79.17817687988287,24.320680618286076],[79.13408660888689,24.373218536376953],[79.14611053466797,24.378641128540153],[79.14414978027344,24.40919113159191],[79.15952301025396,24.40991973876953],[79.15274047851562,24.37645912170416],[79.19010925292963,24.362951278686523],[79.19119262695324,24.33778953552246],[79.22608947753912,24.343151092529524],[79.22496795654325,24.364271163940373],[79.24620056152344,24.374370574951172],[79.2361907958985,24.41728019714367],[79.1673431396485,24.435220718383846],[79.0666122436524,24.40701293945324],[79.04765319824236,24.37404060363781],[79.01093292236334,24.386461257934684],[78.99928283691412,24.37533950805664],[78.981986999512,24.447240829467717],[79.01107788085943,24.539520263672102],[79.06405639648455,24.597562789916992],[79.05973052978521,24.627460479736328],[79.18596649169939,24.616769790649414],[79.21235656738287,24.665800094604606],[79.28988647460955,24.679119110107365],[79.3138275146485,24.744398117065373],[79.30069732666044,24.81002807617199],[79.34194946289062,24.90520286560053],[79.32425689697266,25.05047988891596],[79.33690643310553,25.077289581299055],[79.33036041259766,25.126420974731445],[79.27880096435541,25.197399139404297],[79.27359771728527,25.248119354248047],[79.32534027099604,25.222440719604492],[79.33258819580072,25.200830459594783],[79.34696197509771,25.214241027831974],[79.32911682128935,25.22990036010748],[79.34111785888683,25.230489730835018],[79.34452819824224,25.264299392700195],[79.33190155029303,25.27626991271967],[79.31004333496122,25.261920928955305],[79.28775024414091,25.29024124145502],[79.26196289062511,25.267730712890682],[79.26760101318376,25.31875038146984],[79.29473114013678,25.340219497680664],[79.34458923339872,25.334449768066406],[79.33075714111334,25.294048309326115],[79.34970855712919,25.288419723510742],[79.35829925537138,25.263519287109432],[79.367416381836,25.29432106018072],[79.41530609130871,25.259220123291016],[79.45741271972662,25.28387069702154],[79.49040222167974,25.27034950256342],[79.45919036865263,25.269451141357365],[79.42701721191406,25.22503852844244],[79.44270324707031,25.21256065368658],[79.40957641601568,25.20876121521019],[79.38387298584013,25.170280456543196],[79.39914703369135,25.113460540771484],[79.41512298583996,25.13909912109375],[79.43113708496105,25.135400772094783],[79.43106842041016,25.107509613037053],[79.46837615966825,25.13445091247553],[79.46053314209013,25.096330642700252],[79.48987579345709,25.082750320434627],[79.56552124023455,25.177551269531307],[79.58969879150385,25.147279739379996],[79.60280609130871,25.154769897460938],[79.59787750244169,25.131431579589957],[79.62003326416016,25.14266967773449],[79.66616821289091,25.127120971679688],[79.74563598632818,25.143882751464844],[79.84921264648443,25.096981048584098],[79.84767150878912,25.1333904266358],[79.87217712402338,25.148511886596737],[79.84713745117199,25.240200042724666],[79.90239715576178,25.256919860839957],[79.91345214843756,25.233440399169922],[79.94256591796875,25.27187919616705],[79.99672698974604,25.268650054931754],[80.02073669433622,25.34316062927246],[80.08329772949247,25.355831146240348],[80.12329864501959,25.338430404663143],[80.15917968750011,25.377649307251204],[80.1878967285158,25.38364982604986],[80.19391632080107,25.41623115539562],[80.24518585205084,25.40489006042492],[80.25586700439459,25.428710937500057],[80.29532623291021,25.407760620117244]]]}},{"type":"Feature","properties":{"ID_0":105,"ISO":"IND","NAME_0":"India","ID_1":20,"NAME_1":"Madhya Pradesh","ID_2":267,"NAME_2":"Chhindwara","NL_NAME_2":null,"VARNAME_2":null,"TYPE_2":"District","ENGTYPE_2":"District","district":"Chhindwara","ST_NM":"Madhya Pradesh"},"geometry":{"type":"Polygon","coordinates":[[[79.23394775390653,22.792259216308707],[79.25585174560558,22.74197959899925],[79.23825073242193,22.720600128173885],[79.25968170166044,22.688070297241325],[79.29022979736357,22.683420181274357],[79.27848815917974,22.656419754028377],[79.29928588867193,22.647832870483512],[79.29281616210943,22.62039947509777],[79.3379974365235,22.61792945861822],[79.36812591552734,22.59826087951683],[79.31511688232428,22.54120826721197],[79.3390426635745,22.48779106140148],[79.23149108886713,22.47548103332531],[79.19370269775419,22.450138092041072],[79.21865081787115,22.425790786743164],[79.23079681396484,22.448881149292106],[79.26020812988287,22.455482482910156],[79.31806182861357,22.435499191284237],[79.32923889160162,22.444969177246094],[79.33090209960955,22.425060272216797],[79.29300689697271,22.416749954223746],[79.27929687500006,22.377300262451286],[79.31240081787126,22.3950710296632],[79.33805084228521,22.386449813843],[79.34790802001953,22.35147094726574],[79.28095245361345,22.31648254394537],[79.29915618896496,22.29173088073742],[79.33779144287126,22.286661148071403],[79.3577117919923,22.265441894531364],[79.36036682128912,22.222879409790096],[79.33045959472685,22.242151260376033],[79.31978607177763,22.226270675659293],[79.35031127929716,22.134399414062614],[79.38716888427751,22.10373115539562],[79.37165069580107,22.085371017455998],[79.38410186767578,22.044040679931868],[79.40270996093756,22.041891098022404],[79.39118957519548,21.992580413818473],[79.37023925781256,21.993009567260856],[79.36840820312528,21.973030090332145],[79.33640289306635,21.9537296295166],[79.34262084960943,21.92522048950201],[79.3223724365235,21.919380187988338],[79.27162170410162,21.835960388183594],[79.28824615478521,21.81098175048828],[79.27990722656278,21.77946090698248],[79.22371673584001,21.75630950927757],[79.22693634033203,21.657649993896598],[79.1478271484375,21.660520553589095],[79.08808898925798,21.599189758300895],[79.00955200195318,21.601499557495117],[78.99444580078142,21.6187496185305],[78.91323852539068,21.59235954284668],[78.911636352539,21.57090950012207],[78.92782592773466,21.560289382934798],[78.9044265747072,21.554840087890625],[78.94064331054688,21.513700485229606],[78.93183135986357,21.48740005493164],[78.89576721191435,21.500568389892578],[78.87985229492193,21.48497009277355],[78.78462219238281,21.489139556884766],[78.77218627929716,21.4671306610108],[78.74648284912126,21.49386978149414],[78.72418975830095,21.46438026428234],[78.68406677246122,21.481960296630916],[78.58486938476591,21.486881256103572],[78.56652832031256,21.515697479248274],[78.50856018066418,21.52843284606928],[78.48040008544922,21.506120681762923],[78.43009948730474,21.50175094604498],[78.41349792480469,21.577739715576286],[78.4225616455081,21.601949691772518],[78.37571716308611,21.61745071411127],[78.37763214111345,21.595600128173885],[78.35468292236322,21.576908111572322],[78.33904266357416,21.60804939270014],[78.34575653076189,21.629739761352596],[78.36250305175776,21.6219806671142],[78.38992309570324,21.641189575195256],[78.38530731201178,21.667869567871207],[78.41699218750006,21.69252967834484],[78.4247665405274,21.72007179260254],[78.45358276367193,21.719778060913086],[78.46837615966797,21.786970138550032],[78.49381256103521,21.794040679931754],[78.46469879150419,21.817140579223633],[78.53629302978533,21.855010986328068],[78.5368728637697,21.910121917724666],[78.51576995849615,21.91120910644537],[78.51294708251964,21.93494987487793],[78.46244049072294,21.96356964111328],[78.41483306884766,21.956720352172795],[78.38519287109403,21.92855072021507],[78.3973007202149,22.00733947753912],[78.34237670898443,22.057041168213004],[78.34018707275385,22.112581253051758],[78.2733917236331,22.093629837036246],[78.26246643066412,22.2248592376709],[78.2901229858399,22.255741119384822],[78.26174163818371,22.269500732421875],[78.24418640136724,22.325529098510742],[78.27823638916033,22.354959487915153],[78.26967620849626,22.40784072875988],[78.3161163330081,22.427061080932674],[78.37465667724621,22.422040939331055],[78.42016601562517,22.38593292236351],[78.45610809326183,22.382539749145735],[78.55612945556658,22.425830841064453],[78.545883178711,22.45977973937994],[78.50929260253912,22.482589721679688],[78.54313659667963,22.534799575805778],[78.49494171142578,22.598632812500114],[78.49537658691412,22.64015960693365],[78.51753997802763,22.667060852050838],[78.60578155517584,22.653142929077262],[78.62216186523438,22.680740356445312],[78.67434692382841,22.70219993591303],[78.68123626708984,22.659280776977596],[78.75460815429699,22.624170303344727],[78.77847290039091,22.631759643554744],[78.77427673339872,22.650640487670955],[78.81304168701172,22.65822029113781],[78.84295654296903,22.686969757080078],[78.90518951416033,22.675680160522575],[78.93888092041044,22.629501342773665],[78.9883880615235,22.620780944824332],[79.01303863525396,22.651081085205078],[79.00026702880871,22.693040847778377],[79.02124023437506,22.710849761963118],[79.00740051269531,22.728610992431697],[79.02176666259771,22.73217964172369],[79.00891876220703,22.73936271667492],[79.0387573242188,22.761510848999137],[79.08201599121111,22.746051788330078],[79.13149261474621,22.790769577026367],[79.17209625244146,22.78861236572277],[79.22339630126959,22.8176326751709],[79.23394775390653,22.792259216308707]]]}},{"type":"Feature","properties":{"ID_0":105,"ISO":"IND","NAME_0":"India","ID_1":20,"NAME_1":"Madhya Pradesh","ID_2":268,"NAME_2":"Damoh","NL_NAME_2":null,"VARNAME_2":null,"TYPE_2":"District","ENGTYPE_2":"District","district":"Damoh","ST_NM":"Madhya Pradesh"},"geometry":{"type":"Polygon","coordinates":[[[79.61270904541021,24.393569946289062],[79.65312957763678,24.373390197754134],[79.68105316162104,24.3995304107666],[79.69866943359375,24.38351058959961],[79.7473831176759,24.418560028076286],[79.81479644775408,24.35012054443382],[79.7972717285158,24.32067108154297],[79.82875061035156,24.323369979858626],[79.85050201416021,24.30500984191906],[79.83714294433594,24.28824043273937],[79.80661773681658,24.28736114501976],[79.8023223876956,24.26906967163086],[79.83921813964861,24.24760055542015],[79.83525085449224,24.21983909606945],[79.80851745605486,24.203519821166992],[79.80532073974615,24.162570953369254],[79.75746917724615,24.10411071777355],[79.75682067871111,24.078531265258846],[79.73092651367193,24.064891815185604],[79.7546768188476,24.03641128540039],[79.83432769775396,24.02792930603033],[79.83106231689459,24.00765037536621],[79.84986114501947,23.99537086486822],[79.83175659179688,23.93655967712425],[79.86351776123053,23.905649185180607],[79.84963989257841,23.854471206665096],[79.86435699462885,23.820560455322322],[79.81279754638683,23.741769790649528],[79.83143615722662,23.720380783081055],[79.82115936279303,23.700340270996207],[79.92967987060553,23.680931091308594],[79.94931793212896,23.659320831298828],[79.9380722045899,23.640251159668082],[79.94708251953136,23.623130798339787],[79.8990631103515,23.584840774536076],[79.84379577636736,23.508188247680664],[79.82161712646513,23.515220642089844],[79.77997589111334,23.453830718994254],[79.73155975341825,23.43526268005371],[79.66628265380865,23.337940216064453],[79.53320312500028,23.26392173767084],[79.4850692749024,23.25999069213873],[79.41911315917974,23.19507026672386],[79.32376098632824,23.15030097961437],[79.30013275146513,23.235000610351562],[79.26405334472668,23.216350555420036],[79.25913238525419,23.243150711059627],[79.225326538086,23.253290176391715],[79.22059631347685,23.22742843627941],[79.19050598144531,23.242162704467887],[79.16993713378923,23.223419189453182],[79.1651687622072,23.252470016479435],[79.20793914794928,23.26303291320812],[79.22384643554716,23.29304122924816],[79.20500946044939,23.32018089294428],[79.22989654541021,23.341978073120117],[79.21256256103527,23.366779327392805],[79.18450164794928,23.37094116210949],[79.18103027343756,23.404809951782227],[79.19529724121111,23.4171199798584],[79.1763992309572,23.434089660644645],[79.2130966186524,23.439340591430664],[79.2205429077149,23.461669921875227],[79.27957916259766,23.48036956787132],[79.29303741455084,23.516370773315657],[79.3231964111331,23.52585029602062],[79.31865692138666,23.552831649780387],[79.29241180419928,23.571880340576286],[79.31175231933622,23.5883407592774],[79.29646301269537,23.600170135498047],[79.29464721679688,23.641130447387695],[79.32943725585943,23.632930755615348],[79.34541320800798,23.660440444946346],[79.2801818847658,23.69345092773449],[79.2921524047851,23.710540771484375],[79.28533935546892,23.74807167053234],[79.2659530639649,23.746110916137923],[79.21514129638689,23.788009643554744],[79.24343109130865,23.82905006408697],[79.14480590820318,23.851089477539062],[79.08793640136719,23.922000885009822],[79.07157897949224,23.907909393310604],[79.05042266845709,23.92538070678711],[79.09162902832043,23.957660675048885],[79.07736206054716,23.977331161499023],[79.12761688232428,23.981180191039982],[79.18138122558611,24.016370773315373],[79.13922882080095,24.104909896850586],[79.15342712402355,24.12482070922863],[79.2483520507813,24.15274047851574],[79.315971374512,24.14733123779297],[79.32576751709001,24.154909133911246],[79.29654693603516,24.18688011169428],[79.3724594116211,24.202470779418945],[79.4043807983399,24.354549407958984],[79.38585662841814,24.372400283813477],[79.38955688476574,24.391500473022575],[79.42286682128906,24.39707183837902],[79.43325805664091,24.41604042053234],[79.4660263061524,24.39085006713873],[79.50431823730474,24.403520584106445],[79.55544281005865,24.392150878906364],[79.53927612304693,24.42650985717796],[79.56394195556635,24.449600219726562],[79.61434936523455,24.422649383544922],[79.62391662597662,24.40751075744629],[79.61270904541021,24.393569946289062]]]}}]}